PolicyID,CustomerID,PolicyType,PremiumAmount,PolicyStartDate,PolicyEndDate,CoverageAmount
1,343,Home,1138,2020-09-09,2021-09-09,160094
2,448,Auto,106,2019-04-20,2021-04-20,25880
3,244,Home,320,2017-11-10,2018-11-10,91864
4,7,Home,527,2017-12-21,2022-12-21,50486
5,153,Auto,329,2022-07-17,2027-07-17,14614
6,359,Auto,478,2022-08-14,2026-08-14,17326
7,183,Health,775,2020-02-10,2024-02-10,11107
8,253,Auto,300,2017-01-24,2018-01-24,25999
9,267,Home,563,2019-05-16,2020-05-16,147286
10,432,Health,305,2022-10-15,2025-10-15,63811
11,111,Life,2442,2021-09-20,2023-09-20,307389
12,230,Life,1383,2015-05-15,2016-05-15,60730
13,10,Health,559,2015-10-08,2019-10-08,48126
14,379,Home,865,2020-03-19,2023-03-19,34350
15,461,Home,801,2021-11-01,2022-11-01,66833
16,392,Life,2751,2023-08-17,2024-08-17,180930
17,87,Auto,467,2020-08-10,2024-08-10,18683
18,236,Life,2492,2016-03-16,2017-03-16,330132
19,135,Home,336,2017-01-18,2020-01-18,26443
20,412,Auto,430,2020-07-13,2021-07-13,31166
21,444,Home,1364,2017-06-11,2020-06-11,87528
22,255,Life,1141,2021-07-19,2026-07-19,376377
23,141,Home,339,2022-06-13,2023-06-13,20780
24,378,Auto,195,2019-03-21,2021-03-21,36066
25,33,Health,605,2019-07-24,2024-07-24,68335
26,179,Health,795,2023-11-28,2027-11-28,46048
27,233,Auto,229,2019-02-14,2022-02-14,27503
28,250,Life,2495,2016-08-05,2021-08-05,236670
29,331,Auto,320,2017-02-14,2022-02-14,32220
30,183,Auto,486,2015-05-07,2019-05-07,40771
31,90,Home,1047,2016-07-09,2019-07-09,104132
32,427,Home,516,2016-07-23,2021-07-23,69893
33,158,Health,697,2023-07-14,2028-07-14,49343
34,51,Health,293,2018-03-17,2020-03-17,59764
35,414,Auto,128,2015-08-17,2019-08-17,33677
36,324,Life,1595,2020-10-13,2023-10-13,125064
37,260,Auto,431,2023-06-18,2028-06-18,47054
38,476,Auto,492,2023-06-06,2028-06-06,17361
39,464,Life,2711,2018-01-03,2019-01-03,155271
40,246,Life,1276,2017-06-19,2021-06-19,245542
41,197,Life,1614,2022-12-26,2024-12-26,142490
42,303,Health,533,2016-03-09,2021-03-09,39745
43,448,Health,571,2020-12-05,2025-12-05,43544
44,62,Home,704,2019-11-21,2021-11-21,21722
45,348,Auto,247,2021-11-03,2026-11-03,33597
46,9,Health,891,2021-01-24,2025-01-24,50439
47,349,Health,678,2017-06-27,2019-06-27,53621
48,381,Life,2713,2022-10-28,2027-10-28,81468
49,76,Home,853,2021-11-19,2023-11-19,123416
50,122,Home,1402,2015-03-03,2020-03-03,44454
51,80,Health,652,2015-05-14,2018-05-14,62038
52,112,Life,729,2021-12-18,2023-12-18,366280
53,11,Auto,242,2023-04-01,2027-04-01,36137
54,477,Home,1163,2018-01-09,2019-01-09,164582
55,198,Life,1613,2023-07-17,2028-07-17,367096
56,453,Life,511,2016-02-23,2017-02-23,346187
57,108,Auto,351,2017-06-23,2020-06-23,39346
58,453,Auto,467,2019-01-09,2022-01-09,46624
59,457,Auto,488,2021-12-20,2023-12-20,48953
60,244,Auto,329,2023-06-19,2025-06-19,13078
61,271,Life,2385,2016-03-26,2019-03-26,287174
62,86,Health,628,2020-11-28,2023-11-28,21972
63,21,Health,909,2019-09-13,2023-09-13,45782
64,106,Home,1121,2022-03-02,2027-03-02,186673
65,42,Home,807,2023-07-04,2025-07-04,117587
66,320,Home,636,2020-12-25,2021-12-25,188081
67,28,Auto,279,2017-08-24,2020-08-24,28695
68,57,Health,922,2016-07-19,2021-07-19,10919
69,291,Home,1089,2023-06-15,2028-06-15,65416
70,349,Auto,491,2017-01-01,2018-01-01,42880
71,89,Home,1489,2019-08-20,2022-08-20,85602
72,181,Life,2056,2021-08-20,2024-08-20,153042
73,261,Health,471,2017-07-02,2021-07-02,59219
74,300,Health,710,2022-05-25,2023-05-25,91508
75,192,Health,295,2022-03-23,2023-03-23,71376
76,409,Health,726,2016-06-20,2020-06-20,36824
77,411,Health,694,2023-07-14,2028-07-14,86998
78,334,Life,2197,2021-08-03,2026-08-03,419399
79,399,Home,367,2021-03-14,2026-03-14,42969
80,320,Auto,290,2022-11-01,2025-11-01,13370
81,71,Life,2760,2023-01-10,2024-01-10,100896
82,278,Life,2158,2017-01-13,2019-01-13,379730
83,128,Auto,273,2018-04-12,2021-04-12,29252
84,208,Auto,117,2016-03-04,2021-03-04,45369
85,454,Home,362,2017-01-26,2019-01-26,73545
86,471,Life,1838,2021-11-28,2022-11-28,409362
87,4,Health,511,2017-06-03,2018-06-03,23032
88,112,Auto,343,2015-05-28,2016-05-28,44216
89,21,Health,251,2015-06-04,2020-06-04,48820
90,340,Life,874,2020-08-21,2024-08-21,107195
91,480,Health,569,2021-08-16,2023-08-16,36340
92,220,Home,1162,2016-08-11,2017-08-11,102800
93,209,Health,206,2017-01-15,2021-01-15,91758
94,450,Auto,473,2017-12-27,2019-12-27,10795
95,415,Health,574,2018-12-28,2021-12-28,29154
96,66,Life,1268,2020-02-23,2023-02-23,72747
97,7,Home,1010,2018-02-20,2019-02-20,96365
98,104,Health,767,2015-02-22,2020-02-22,50924
99,222,Auto,451,2022-06-08,2023-06-08,25973
100,347,Home,990,2019-10-16,2020-10-16,89349
101,247,Auto,400,2019-12-16,2024-12-16,12118
102,307,Life,2550,2021-05-23,2022-05-23,196166
103,45,Home,352,2016-12-09,2017-12-09,55305
104,267,Home,1329,2015-11-18,2016-11-18,158875
105,362,Home,1389,2017-01-18,2021-01-18,129761
106,369,Life,2670,2019-06-05,2024-06-05,406824
107,132,Health,825,2023-03-05,2025-03-05,88065
108,4,Auto,498,2023-12-28,2027-12-28,20949
109,453,Home,596,2019-07-03,2023-07-03,56012
110,373,Health,671,2017-12-05,2021-12-05,74111
111,226,Life,1089,2019-10-21,2024-10-21,447693
112,291,Health,553,2017-11-07,2018-11-07,10070
113,470,Home,1211,2015-09-24,2018-09-24,176184
114,143,Life,2332,2015-07-14,2017-07-14,155259
115,144,Health,439,2021-11-19,2023-11-19,32199
116,359,Home,1063,2017-04-21,2021-04-21,183749
117,369,Home,401,2017-04-16,2022-04-16,186897
118,34,Life,2909,2021-08-08,2022-08-08,149563
119,205,Auto,330,2020-03-23,2024-03-23,24568
120,485,Auto,438,2022-08-17,2024-08-17,9593
121,312,Auto,316,2018-06-13,2021-06-13,20476
122,196,Home,1271,2023-07-04,2025-07-04,119812
123,290,Auto,170,2021-04-03,2025-04-03,43788
124,111,Auto,225,2015-08-07,2018-08-07,41650
125,387,Life,1440,2016-08-20,2020-08-20,186501
126,471,Health,472,2015-01-22,2017-01-22,41882
127,470,Life,1829,2021-01-01,2022-01-01,484230
128,436,Auto,470,2015-03-18,2019-03-18,5536
129,31,Auto,257,2021-09-06,2026-09-06,12670
130,201,Home,1395,2023-09-05,2028-09-05,106740
131,84,Auto,201,2020-10-17,2022-10-17,26376
132,364,Health,635,2016-05-06,2020-05-06,97336
133,215,Health,344,2015-03-07,2020-03-07,42076
134,53,Auto,234,2020-10-06,2024-10-06,43363
135,479,Life,1023,2016-01-22,2020-01-22,274207
136,167,Home,879,2020-12-04,2023-12-04,120265
137,173,Life,1917,2023-01-02,2024-01-02,122848
138,197,Auto,109,2016-03-15,2018-03-15,19164
139,465,Home,1420,2015-11-27,2017-11-27,179569
140,430,Auto,346,2022-03-13,2025-03-13,28938
141,348,Health,223,2020-02-24,2025-02-24,77272
142,371,Health,293,2022-03-08,2026-03-08,21755
143,363,Home,1258,2019-11-25,2024-11-25,57818
144,335,Life,554,2019-03-05,2024-03-05,126004
145,41,Life,691,2016-05-07,2017-05-07,191052
146,144,Home,1024,2019-01-11,2022-01-11,166832
147,469,Auto,276,2018-07-23,2022-07-23,49699
148,173,Health,349,2020-02-17,2022-02-17,37557
149,63,Home,950,2019-08-06,2024-08-06,85279
150,75,Health,516,2015-07-01,2018-07-01,19772
151,198,Health,678,2019-03-13,2020-03-13,21037
152,2,Home,1429,2023-11-17,2024-11-17,147403
153,95,Life,2027,2020-08-20,2024-08-20,256525
154,241,Life,1654,2015-07-01,2017-07-01,457431
155,250,Life,757,2023-07-20,2028-07-20,437191
156,251,Life,877,2016-01-13,2021-01-13,94146
157,267,Home,736,2018-08-18,2022-08-18,65627
158,206,Life,2963,2021-12-18,2025-12-18,117785
159,148,Life,2547,2019-09-24,2022-09-24,137436
160,492,Life,2900,2023-10-19,2024-10-19,471631
161,481,Health,862,2015-09-27,2017-09-27,54119
162,99,Home,1116,2017-04-25,2019-04-25,53823
163,445,Home,394,2016-07-11,2017-07-11,167371
164,76,Life,1056,2019-07-24,2023-07-24,491464
165,458,Health,380,2017-10-03,2020-10-03,45342
166,420,Health,831,2022-01-20,2026-01-20,55277
167,163,Health,670,2019-08-04,2022-08-04,48103
168,298,Home,569,2018-07-18,2019-07-18,80245
169,278,Health,297,2020-05-10,2021-05-10,42378
170,27,Life,729,2015-05-04,2016-05-04,91838
171,127,Auto,498,2019-02-02,2024-02-02,42392
172,325,Auto,333,2016-11-27,2020-11-27,36483
173,281,Home,895,2023-02-24,2024-02-24,168329
174,171,Life,2433,2015-06-21,2016-06-21,82675
175,80,Home,1472,2022-11-19,2026-11-19,82196
176,402,Health,960,2022-02-12,2025-02-12,49238
177,336,Life,2306,2021-09-25,2024-09-25,439417
178,478,Health,671,2016-09-18,2019-09-18,44643
179,124,Home,1036,2017-12-25,2018-12-25,53419
180,28,Auto,363,2020-12-16,2024-12-16,35560
181,237,Health,228,2019-01-28,2020-01-28,87291
182,474,Health,952,2021-06-14,2025-06-14,83523
183,409,Home,1201,2015-06-01,2018-06-01,191749
184,183,Home,1432,2020-10-21,2024-10-21,110313
185,166,Life,2628,2019-09-16,2021-09-16,178558
186,274,Auto,332,2022-05-24,2023-05-24,25958
187,55,Home,1498,2021-04-16,2026-04-16,155110
188,181,Health,362,2021-11-23,2022-11-23,64547
189,379,Home,1214,2019-01-11,2022-01-11,74570
190,306,Life,1859,2020-10-09,2025-10-09,412119
191,106,Home,888,2019-07-09,2020-07-09,91223
192,125,Health,818,2022-02-25,2023-02-25,52696
193,468,Health,666,2016-02-10,2017-02-10,88275
194,126,Health,538,2016-06-20,2017-06-20,45264
195,107,Home,715,2020-04-07,2023-04-07,73777
196,29,Home,1178,2023-02-18,2026-02-18,133198
197,86,Health,369,2016-04-11,2018-04-11,67587
198,369,Health,600,2023-05-19,2026-05-19,15645
199,451,Home,315,2020-07-23,2021-07-23,192325
200,344,Auto,332,2020-07-02,2023-07-02,19181
201,152,Home,1487,2020-10-01,2022-10-01,76425
202,133,Home,1272,2021-11-18,2025-11-18,34757
203,62,Auto,105,2022-01-06,2025-01-06,22913
204,272,Life,1379,2015-12-18,2017-12-18,240891
205,360,Home,694,2019-01-07,2023-01-07,141454
206,206,Home,1235,2016-03-15,2017-03-15,55127
207,260,Health,706,2015-09-03,2020-09-03,51700
208,112,Home,419,2016-08-20,2018-08-20,48614
209,54,Auto,122,2022-02-25,2025-02-25,10692
210,255,Auto,247,2016-08-17,2019-08-17,40283
211,409,Auto,381,2022-01-04,2027-01-04,10909
212,377,Life,2781,2021-11-24,2026-11-24,346051
213,255,Home,581,2018-01-02,2021-01-02,44483
214,94,Life,2802,2015-08-22,2020-08-22,77770
215,191,Health,629,2023-02-25,2025-02-25,27571
216,314,Home,520,2015-09-21,2017-09-21,60948
217,394,Life,1953,2021-02-17,2023-02-17,378664
218,20,Auto,479,2016-09-15,2021-09-15,40673
219,345,Life,1474,2017-07-12,2019-07-12,175361
220,451,Home,1481,2017-05-14,2022-05-14,22923
221,293,Health,553,2016-05-11,2017-05-11,23642
222,403,Home,332,2022-11-03,2026-11-03,21556
223,122,Life,1013,2020-10-05,2023-10-05,225187
224,244,Health,951,2020-03-12,2022-03-12,76743
225,416,Auto,349,2020-12-15,2025-12-15,5799
226,399,Life,1875,2023-06-10,2026-06-10,429714
227,390,Home,1155,2019-06-22,2023-06-22,57993
228,417,Health,779,2018-02-14,2023-02-14,35884
229,76,Home,763,2023-03-21,2026-03-21,137004
230,401,Health,574,2022-03-09,2025-03-09,14313
231,422,Health,213,2021-10-24,2025-10-24,76433
232,237,Life,1920,2021-09-23,2022-09-23,237177
233,394,Health,367,2020-06-04,2025-06-04,82259
234,333,Home,1153,2022-02-11,2027-02-11,170801
235,111,Health,998,2017-01-20,2019-01-20,62263
236,447,Health,954,2023-02-04,2028-02-04,16022
237,70,Life,571,2020-12-17,2021-12-17,141057
238,230,Life,1674,2021-11-25,2023-11-25,208926
239,56,Health,422,2017-05-15,2019-05-15,61889
240,238,Home,1050,2015-04-01,2020-04-01,91001
241,390,Health,413,2017-12-07,2019-12-07,58012
242,415,Auto,343,2023-04-09,2024-04-09,8987
243,206,Life,2292,2020-09-06,2023-09-06,244168
244,65,Home,613,2019-02-16,2023-02-16,133283
245,207,Life,892,2021-08-23,2024-08-23,66046
246,237,Life,2312,2021-08-03,2022-08-03,329125
247,50,Life,2676,2015-01-23,2017-01-23,338484
248,41,Health,496,2022-03-04,2025-03-04,92767
249,478,Auto,319,2015-07-20,2019-07-20,41933
250,324,Health,422,2019-05-28,2023-05-28,80150
251,243,Health,539,2023-03-04,2024-03-04,63497
252,78,Life,2181,2017-03-25,2020-03-25,436847
253,413,Home,942,2015-07-06,2017-07-06,189716
254,456,Health,817,2019-05-22,2022-05-22,33993
255,479,Auto,233,2017-09-24,2018-09-24,47816
256,176,Life,2613,2022-11-15,2024-11-15,466414
257,270,Home,1049,2021-05-21,2023-05-21,40028
258,487,Life,1836,2016-03-05,2019-03-05,215822
259,284,Health,257,2016-06-23,2020-06-23,69019
260,189,Auto,432,2015-05-23,2018-05-23,23026
261,206,Health,731,2019-12-15,2020-12-15,69620
262,38,Health,627,2017-08-28,2021-08-28,94088
263,127,Home,825,2022-11-02,2027-11-02,154249
264,88,Auto,446,2022-05-02,2024-05-02,10716
265,472,Auto,147,2018-11-28,2021-11-28,12943
266,477,Life,2471,2018-03-14,2021-03-14,402543
267,453,Health,658,2020-02-16,2021-02-16,38628
268,388,Auto,456,2019-07-24,2020-07-24,36366
269,148,Life,2410,2017-02-16,2018-02-16,237814
270,29,Health,428,2015-06-11,2018-06-11,16077
271,289,Auto,120,2023-02-04,2025-02-04,47909
272,83,Home,1003,2018-01-21,2022-01-21,82045
273,317,Life,2113,2018-10-23,2021-10-23,317265
274,290,Life,2286,2016-11-23,2017-11-23,305337
275,265,Auto,388,2023-09-16,2026-09-16,43342
276,45,Auto,190,2016-04-21,2017-04-21,28586
277,30,Life,1298,2017-07-11,2020-07-11,156253
278,128,Life,2709,2022-02-08,2024-02-08,189323
279,16,Home,843,2020-01-08,2021-01-08,144293
280,70,Health,988,2022-06-02,2025-06-02,85491
281,404,Life,2570,2018-04-12,2023-04-12,172768
282,148,Home,1428,2016-03-26,2020-03-26,112528
283,446,Auto,127,2020-02-05,2023-02-05,16136
284,199,Health,935,2017-01-06,2020-01-06,84719
285,464,Auto,458,2019-02-10,2021-02-10,13892
286,381,Life,2448,2021-09-25,2024-09-25,150616
287,471,Life,2460,2022-10-09,2027-10-09,221259
288,115,Life,2895,2023-09-08,2027-09-08,473649
289,146,Auto,130,2017-02-21,2019-02-21,38278
290,100,Life,2111,2021-02-06,2022-02-06,118690
291,326,Life,2262,2023-08-06,2026-08-06,130446
292,477,Home,759,2017-02-09,2019-02-09,77299
293,436,Home,1388,2020-05-15,2025-05-15,130682
294,216,Life,1111,2016-12-12,2019-12-12,125406
295,28,Home,540,2018-04-07,2022-04-07,49203
296,151,Health,274,2022-06-23,2024-06-23,46290
297,154,Home,1443,2020-06-15,2023-06-15,102607
298,20,Health,211,2019-11-25,2021-11-25,81333
299,102,Home,975,2022-09-02,2024-09-02,118839
300,383,Auto,302,2015-07-02,2018-07-02,21073
301,98,Auto,126,2023-04-14,2027-04-14,39682
302,125,Life,697,2022-04-15,2023-04-15,239284
303,323,Life,2077,2021-02-17,2025-02-17,373222
304,432,Health,417,2018-08-09,2023-08-09,41080
305,148,Life,708,2017-02-04,2018-02-04,192601
306,63,Life,1409,2021-03-27,2026-03-27,367424
307,198,Home,647,2021-12-02,2023-12-02,82149
308,445,Health,581,2015-07-07,2019-07-07,70671
309,188,Auto,419,2018-10-10,2021-10-10,27959
310,188,Auto,188,2017-05-11,2019-05-11,11475
311,231,Health,362,2019-08-22,2023-08-22,62174
312,201,Life,1697,2020-03-17,2024-03-17,103970
313,417,Auto,472,2022-12-22,2026-12-22,37647
314,140,Life,944,2016-11-10,2019-11-10,257666
315,168,Home,1397,2020-10-11,2023-10-11,162718
316,380,Life,1683,2019-04-05,2023-04-05,233521
317,478,Health,605,2019-07-23,2024-07-23,53455
318,152,Life,2492,2020-04-08,2025-04-08,329293
319,65,Health,237,2021-12-17,2025-12-17,66738
320,97,Auto,428,2022-07-12,2026-07-12,39036
321,328,Home,523,2015-10-07,2020-10-07,117284
322,401,Life,2143,2023-08-23,2025-08-23,145691
323,177,Home,755,2019-06-28,2020-06-28,129825
324,462,Home,950,2015-01-18,2018-01-18,169381
325,394,Home,1278,2017-08-16,2018-08-16,191070
326,89,Health,422,2022-06-07,2027-06-07,14692
327,285,Home,929,2019-05-01,2022-05-01,88492
328,273,Auto,489,2020-06-01,2024-06-01,9793
329,386,Auto,494,2023-07-05,2026-07-05,29852
330,155,Auto,287,2019-03-07,2023-03-07,44978
331,131,Life,1604,2021-12-02,2024-12-02,371158
332,353,Life,1890,2018-06-27,2022-06-27,153575
333,102,Home,976,2018-09-27,2019-09-27,66026
334,343,Auto,413,2021-08-24,2026-08-24,49912
335,92,Home,715,2019-03-04,2022-03-04,142267
336,448,Auto,113,2020-11-22,2022-11-22,45115
337,130,Life,2220,2021-07-04,2023-07-04,435230
338,377,Health,906,2016-11-11,2017-11-11,98693
339,361,Life,556,2018-05-09,2019-05-09,99375
340,35,Home,1253,2023-10-28,2027-10-28,145586
341,324,Health,643,2015-11-23,2016-11-23,81220
342,79,Auto,213,2022-12-03,2024-12-03,26403
343,402,Auto,111,2021-10-15,2024-10-15,9227
344,190,Life,1470,2017-04-01,2019-04-01,95772
345,175,Life,1493,2015-03-17,2019-03-17,426517
346,439,Auto,429,2018-02-26,2021-02-26,12136
347,368,Health,288,2020-12-25,2022-12-25,60759
348,496,Home,988,2016-11-03,2018-11-03,50424
349,96,Life,1973,2015-09-08,2017-09-08,397417
350,67,Life,2405,2022-02-06,2024-02-06,172345
351,70,Health,523,2020-10-18,2024-10-18,58595
352,499,Life,828,2016-03-25,2021-03-25,373469
353,453,Health,968,2016-09-19,2018-09-19,75174
354,233,Health,706,2016-01-12,2020-01-12,92077
355,398,Auto,142,2022-02-11,2026-02-11,12667
356,210,Life,2936,2016-06-20,2019-06-20,355366
357,325,Auto,349,2015-04-24,2016-04-24,27307
358,437,Auto,395,2018-10-18,2019-10-18,33028
359,157,Home,302,2022-05-09,2023-05-09,88854
360,382,Life,1309,2015-08-05,2016-08-05,486649
361,464,Auto,392,2023-09-10,2027-09-10,12339
362,458,Auto,203,2016-10-10,2021-10-10,31644
363,150,Life,1163,2015-02-25,2017-02-25,222587
364,227,Auto,125,2019-10-28,2022-10-28,10024
365,71,Home,735,2023-08-03,2026-08-03,134626
366,410,Life,2908,2017-11-03,2019-11-03,441487
367,399,Auto,134,2015-12-26,2020-12-26,9671
368,285,Health,267,2018-09-16,2019-09-16,63660
369,15,Life,1868,2022-02-16,2026-02-16,186273
370,319,Home,927,2021-06-03,2026-06-03,184259
371,486,Life,2704,2019-03-21,2022-03-21,476655
372,493,Life,802,2015-10-13,2019-10-13,87884
373,18,Auto,146,2022-03-03,2025-03-03,13865
374,317,Health,689,2021-10-18,2023-10-18,89146
375,22,Home,1001,2022-04-02,2023-04-02,96668
376,460,Auto,404,2021-01-27,2024-01-27,22223
377,277,Health,693,2023-05-03,2025-05-03,33709
378,445,Life,2928,2016-11-01,2017-11-01,197525
379,236,Auto,314,2019-02-13,2023-02-13,39304
380,479,Health,473,2022-04-26,2023-04-26,46220
381,75,Home,981,2021-05-21,2026-05-21,119598
382,445,Auto,440,2016-11-13,2017-11-13,33745
383,465,Life,1274,2017-09-14,2021-09-14,74627
384,333,Health,730,2016-01-17,2017-01-17,82342
385,226,Life,2112,2020-04-07,2024-04-07,297200
386,427,Life,746,2018-04-11,2020-04-11,370336
387,317,Auto,352,2020-07-22,2022-07-22,14411
388,49,Home,1417,2019-09-20,2021-09-20,146294
389,141,Health,959,2019-02-25,2022-02-25,77190
390,144,Auto,429,2018-08-24,2023-08-24,44222
391,105,Auto,458,2016-10-12,2018-10-12,47731
392,281,Life,1035,2017-08-12,2020-08-12,126468
393,339,Home,1081,2015-09-17,2020-09-17,171257
394,24,Life,2997,2021-02-28,2026-02-28,342072
395,188,Home,1494,2018-03-08,2019-03-08,77666
396,413,Home,749,2022-11-04,2024-11-04,169869
397,316,Auto,162,2015-01-19,2016-01-19,8566
398,222,Life,2230,2017-11-28,2019-11-28,332445
399,496,Auto,356,2022-05-01,2025-05-01,21367
400,48,Home,1152,2018-03-11,2022-03-11,181423
401,328,Life,1555,2021-09-02,2022-09-02,432403
402,390,Health,960,2015-01-07,2017-01-07,58398
403,451,Life,1581,2018-03-21,2019-03-21,337578
404,359,Home,696,2022-04-15,2026-04-15,44277
405,1,Life,1050,2021-09-14,2023-09-14,371284
406,468,Health,534,2017-09-20,2018-09-20,73474
407,412,Auto,402,2015-02-17,2016-02-17,15779
408,375,Life,1862,2019-10-07,2023-10-07,351123
409,456,Health,604,2018-01-08,2019-01-08,13065
410,157,Life,2303,2023-03-25,2024-03-25,101780
411,476,Health,535,2017-07-08,2018-07-08,40272
412,337,Health,310,2016-12-17,2020-12-17,12435
413,56,Life,2622,2022-06-03,2024-06-03,241430
414,450,Life,1228,2019-09-24,2024-09-24,84379
415,223,Home,552,2016-03-03,2020-03-03,186831
416,286,Life,1310,2020-11-02,2024-11-02,121552
417,59,Auto,170,2018-09-19,2021-09-19,13633
418,334,Auto,259,2022-03-26,2027-03-26,24761
419,355,Life,1831,2019-10-13,2024-10-13,474534
420,45,Health,960,2018-01-03,2019-01-03,19989
421,62,Life,1219,2016-09-03,2019-09-03,411495
422,237,Health,288,2022-04-23,2027-04-23,23218
423,35,Health,681,2021-07-18,2022-07-18,62441
424,179,Health,468,2020-11-22,2025-11-22,46172
425,26,Life,2987,2022-11-19,2023-11-19,424036
426,169,Home,501,2020-12-17,2025-12-17,66783
427,248,Auto,263,2016-12-12,2019-12-12,27606
428,256,Health,881,2022-01-28,2025-01-28,24949
429,163,Home,381,2021-03-22,2024-03-22,73819
430,87,Auto,380,2023-11-02,2024-11-02,16627
431,65,Health,740,2020-01-27,2025-01-27,81282
432,267,Life,986,2015-04-11,2016-04-11,256845
433,276,Health,934,2018-05-07,2020-05-07,93665
434,32,Auto,152,2019-05-21,2024-05-21,43247
435,219,Health,791,2018-03-26,2023-03-26,23480
436,416,Home,657,2020-04-01,2024-04-01,149442
437,280,Health,912,2016-04-26,2021-04-26,22546
438,324,Health,642,2019-05-15,2021-05-15,27555
439,21,Home,1022,2016-01-06,2018-01-06,74396
440,304,Life,2782,2017-12-03,2022-12-03,392420
441,316,Health,932,2018-07-12,2023-07-12,72562
442,447,Life,2241,2019-04-13,2022-04-13,101129
443,446,Home,672,2022-04-02,2027-04-02,62632
444,272,Health,492,2017-08-07,2019-08-07,21300
445,304,Auto,468,2022-02-17,2025-02-17,34669
446,41,Health,369,2018-07-28,2021-07-28,86286
447,439,Life,2872,2016-06-10,2020-06-10,400156
448,96,Auto,250,2015-09-09,2020-09-09,23044
449,480,Health,608,2023-04-22,2028-04-22,70618
450,103,Auto,282,2015-01-14,2017-01-14,47656
451,239,Auto,443,2016-05-01,2021-05-01,36155
452,288,Auto,238,2020-03-01,2022-03-01,13722
453,234,Health,435,2022-08-24,2026-08-24,46534
454,73,Home,1273,2019-01-06,2024-01-06,187612
455,394,Life,1172,2018-06-16,2022-06-16,75132
456,192,Life,2401,2015-10-03,2017-10-03,235591
457,408,Life,2388,2018-04-10,2023-04-10,71294
458,4,Life,2780,2023-07-18,2024-07-18,451037
459,182,Home,560,2020-02-09,2024-02-09,198981
460,78,Home,366,2016-11-14,2017-11-14,70644
461,406,Auto,500,2020-07-20,2025-07-20,10384
462,278,Home,694,2023-08-08,2024-08-08,82008
463,205,Life,626,2015-07-11,2016-07-11,185434
464,137,Health,584,2019-03-13,2023-03-13,17929
465,54,Home,1023,2017-10-28,2018-10-28,173931
466,142,Auto,280,2017-03-18,2022-03-18,8917
467,92,Health,295,2019-07-09,2023-07-09,99420
468,273,Auto,424,2023-06-27,2028-06-27,29428
469,84,Home,1238,2021-11-20,2023-11-20,32252
470,421,Home,1018,2022-02-11,2023-02-11,121707
471,363,Health,364,2021-01-25,2024-01-25,86531
472,221,Auto,412,2016-11-12,2019-11-12,37916
473,430,Home,418,2016-07-22,2017-07-22,49220
474,67,Home,1351,2022-07-13,2025-07-13,23797
475,325,Auto,488,2017-04-25,2020-04-25,48269
476,118,Auto,393,2015-07-02,2020-07-02,37489
477,441,Health,345,2022-12-06,2024-12-06,92058
478,30,Auto,290,2015-09-17,2017-09-17,49629
479,127,Home,1122,2023-10-23,2028-10-23,145615
480,160,Auto,144,2016-08-11,2019-08-11,11047
481,343,Health,253,2022-09-07,2024-09-07,51477
482,107,Home,913,2016-09-11,2019-09-11,130453
483,85,Auto,227,2022-10-22,2024-10-22,23593
484,123,Health,360,2016-08-08,2020-08-08,96065
485,194,Health,222,2022-10-01,2026-10-01,57594
486,92,Health,719,2016-04-13,2017-04-13,13213
487,380,Auto,425,2021-11-26,2026-11-26,45813
488,156,Life,1532,2017-08-15,2018-08-15,168046
489,152,Life,2947,2022-12-28,2027-12-28,364104
490,487,Auto,420,2020-10-07,2021-10-07,7096
491,391,Health,806,2023-06-09,2026-06-09,16528
492,35,Home,706,2017-03-24,2019-03-24,174861
493,157,Life,1071,2017-06-13,2020-06-13,440563
494,453,Health,837,2020-11-20,2023-11-20,22840
495,223,Health,541,2019-01-21,2022-01-21,56727
496,426,Auto,156,2018-02-08,2023-02-08,48675
497,111,Home,1388,2022-12-20,2026-12-20,124358
498,9,Life,2785,2022-04-28,2025-04-28,317314
499,429,Health,363,2021-04-05,2025-04-05,53980
500,52,Auto,125,2023-12-21,2026-12-21,46785
501,457,Auto,127,2019-12-13,2023-12-13,24653
502,143,Health,315,2020-12-16,2023-12-16,48349
503,315,Auto,140,2018-04-02,2020-04-02,38343
504,86,Home,1143,2022-08-25,2027-08-25,140132
505,43,Health,837,2018-06-16,2022-06-16,20084
506,224,Health,476,2020-07-22,2021-07-22,92784
507,364,Auto,254,2016-09-21,2018-09-21,38666
508,413,Health,914,2023-12-13,2028-12-13,32752
509,88,Health,219,2021-07-18,2025-07-18,39635
510,88,Auto,421,2018-09-16,2020-09-16,38544
511,312,Health,553,2019-07-19,2024-07-19,86281
512,104,Life,2976,2016-08-17,2021-08-17,260902
513,113,Home,526,2022-06-12,2023-06-12,181571
514,343,Home,759,2019-05-22,2022-05-22,114670
515,359,Health,463,2017-09-18,2021-09-18,61079
516,467,Home,1045,2015-01-20,2020-01-20,62682
517,170,Auto,342,2016-09-24,2019-09-24,17440
518,275,Life,2419,2020-06-25,2025-06-25,326751
519,457,Home,864,2016-03-28,2017-03-28,151082
520,217,Health,376,2020-05-07,2021-05-07,60731
521,484,Auto,494,2022-07-03,2026-07-03,40832
522,444,Home,1066,2023-02-13,2026-02-13,163961
523,171,Auto,277,2016-01-01,2017-01-01,38633
524,29,Life,1603,2021-02-07,2026-02-07,488280
525,450,Health,459,2020-02-09,2024-02-09,94741
526,45,Auto,208,2019-07-06,2021-07-06,46570
527,241,Auto,151,2015-06-07,2019-06-07,10000
528,181,Home,1113,2019-02-07,2020-02-07,126437
529,65,Life,2146,2017-06-01,2021-06-01,351357
530,215,Home,1107,2020-04-07,2022-04-07,30467
531,280,Health,386,2016-07-24,2017-07-24,35704
532,374,Life,902,2022-09-16,2025-09-16,120822
533,341,Life,2120,2020-04-16,2024-04-16,316632
534,310,Health,512,2021-04-21,2026-04-21,86584
535,375,Life,2503,2015-09-04,2019-09-04,305604
536,180,Home,672,2023-07-16,2025-07-16,198500
537,32,Home,1370,2020-01-06,2025-01-06,74503
538,276,Life,2992,2022-10-06,2027-10-06,413879
539,425,Life,784,2017-11-15,2019-11-15,253039
540,10,Health,319,2017-09-13,2022-09-13,86233
541,85,Auto,294,2019-05-12,2023-05-12,48586
542,420,Home,663,2022-05-11,2024-05-11,54446
543,172,Home,1421,2020-10-27,2021-10-27,28515
544,397,Auto,341,2015-01-10,2017-01-10,10863
545,315,Health,596,2018-08-25,2022-08-25,74061
546,500,Health,877,2018-01-03,2020-01-03,60299
547,190,Life,734,2023-09-10,2027-09-10,337485
548,208,Home,620,2019-09-11,2024-09-11,191568
549,429,Home,887,2023-02-11,2028-02-11,135844
550,492,Home,935,2015-02-10,2017-02-10,151457
551,259,Life,989,2015-03-24,2020-03-24,384413
552,324,Life,1701,2021-11-25,2026-11-25,166178
553,325,Health,437,2019-12-06,2021-12-06,42127
554,402,Life,543,2018-09-28,2019-09-28,117267
555,94,Auto,133,2023-04-19,2027-04-19,23484
556,299,Life,1693,2020-03-18,2023-03-18,387331
557,411,Life,2525,2018-12-06,2020-12-06,438786
558,458,Life,2251,2019-11-21,2020-11-21,82069
559,464,Auto,481,2022-09-26,2026-09-26,38057
560,332,Auto,161,2018-10-16,2021-10-16,42575
561,237,Home,750,2019-09-11,2023-09-11,164958
562,465,Life,2762,2018-10-12,2023-10-12,485204
563,494,Auto,192,2017-10-24,2022-10-24,5466
564,95,Auto,273,2016-07-19,2017-07-19,24513
565,85,Auto,347,2021-01-11,2025-01-11,15495
566,310,Health,788,2020-01-25,2023-01-25,20947
567,84,Home,1140,2018-06-08,2023-06-08,154695
568,432,Home,1399,2015-12-03,2019-12-03,34855
569,272,Auto,308,2015-06-02,2019-06-02,5390
570,118,Health,507,2020-06-13,2024-06-13,96322
571,165,Life,2347,2019-03-02,2021-03-02,101741
572,138,Auto,244,2020-09-07,2024-09-07,43996
573,227,Home,1172,2019-02-03,2020-02-03,185724
574,90,Health,232,2015-10-09,2016-10-09,12731
575,218,Home,361,2022-06-09,2024-06-09,150826
576,381,Health,652,2022-01-18,2025-01-18,43020
577,413,Auto,356,2015-02-18,2017-02-18,33311
578,51,Auto,400,2017-07-28,2020-07-28,22389
579,447,Life,1239,2021-09-13,2022-09-13,160241
580,424,Life,2760,2019-05-11,2024-05-11,122694
581,316,Home,602,2020-12-02,2021-12-02,34503
582,451,Auto,112,2022-07-01,2024-07-01,26939
583,389,Home,819,2020-12-01,2024-12-01,43671
584,447,Health,518,2015-12-23,2016-12-23,88966
585,370,Auto,269,2021-08-17,2025-08-17,39310
586,29,Health,216,2019-01-21,2021-01-21,57134
587,129,Auto,281,2016-01-23,2017-01-23,44561
588,155,Home,320,2018-11-12,2023-11-12,39356
589,493,Health,270,2023-11-10,2026-11-10,77484
590,128,Health,311,2022-06-22,2023-06-22,94004
591,385,Life,1801,2021-08-01,2026-08-01,105881
592,1,Health,535,2017-05-18,2021-05-18,81822
593,155,Home,1487,2020-07-03,2021-07-03,27716
594,240,Health,966,2023-05-11,2028-05-11,49853
595,498,Life,1089,2015-01-12,2020-01-12,140134
596,17,Life,1447,2021-12-13,2023-12-13,106180
597,383,Auto,278,2016-04-12,2017-04-12,11779
598,200,Auto,321,2018-06-21,2022-06-21,14937
599,109,Life,1424,2016-12-08,2020-12-08,58513
600,188,Life,2855,2016-05-06,2018-05-06,113947
601,297,Health,404,2015-04-07,2017-04-07,48768
602,100,Home,961,2022-11-08,2024-11-08,127463
603,88,Auto,177,2022-02-20,2027-02-20,28266
604,214,Life,2232,2022-01-06,2024-01-06,292781
605,402,Health,936,2018-09-14,2023-09-14,23611
606,21,Health,466,2023-09-03,2028-09-03,11668
607,236,Life,1571,2021-09-19,2025-09-19,413957
608,396,Home,1047,2020-09-03,2023-09-03,77635
609,355,Health,395,2022-02-04,2027-02-04,49768
610,281,Life,2294,2018-08-16,2020-08-16,138347
611,161,Auto,112,2023-10-22,2024-10-22,40592
612,186,Home,702,2015-07-07,2018-07-07,161865
613,160,Health,272,2021-05-15,2022-05-15,34360
614,2,Life,1716,2021-12-16,2025-12-16,483319
615,413,Life,575,2019-06-28,2022-06-28,445212
616,61,Auto,385,2017-04-19,2021-04-19,14356
617,107,Auto,290,2018-11-28,2023-11-28,32833
618,479,Auto,183,2021-12-03,2026-12-03,10217
619,466,Auto,461,2022-04-05,2023-04-05,14415
620,280,Auto,122,2017-03-03,2020-03-03,35679
621,251,Home,1188,2020-03-07,2022-03-07,46469
622,209,Auto,304,2018-08-27,2021-08-27,33956
623,150,Auto,370,2021-03-08,2024-03-08,43304
624,166,Auto,273,2019-11-02,2020-11-02,36528
625,394,Home,1132,2023-04-03,2024-04-03,184157
626,149,Health,792,2021-06-28,2024-06-28,78788
627,440,Life,1847,2018-05-13,2019-05-13,136933
628,289,Health,660,2023-11-24,2028-11-24,20004
629,203,Life,852,2017-03-16,2022-03-16,180507
630,202,Life,1725,2015-08-24,2017-08-24,145773
631,484,Life,2293,2023-12-03,2028-12-03,467079
632,115,Health,410,2020-09-16,2024-09-16,55936
633,471,Auto,307,2015-10-14,2019-10-14,32588
634,221,Health,365,2022-07-18,2026-07-18,93512
635,478,Life,1890,2022-02-19,2025-02-19,151663
636,318,Auto,152,2023-06-08,2028-06-08,33161
637,19,Home,378,2021-09-01,2022-09-01,28753
638,239,Life,2715,2015-09-08,2017-09-08,140715
639,444,Auto,182,2020-09-21,2021-09-21,45617
640,380,Auto,467,2019-08-01,2024-08-01,13434
641,306,Home,1447,2018-06-28,2022-06-28,38492
642,25,Health,713,2022-01-07,2027-01-07,65352
643,383,Health,525,2019-07-01,2020-07-01,79676
644,14,Home,863,2015-05-17,2020-05-17,76497
645,428,Auto,478,2022-04-04,2023-04-04,28579
646,59,Health,445,2015-07-07,2019-07-07,61732
647,61,Home,1049,2023-08-22,2027-08-22,145116
648,387,Health,557,2023-01-26,2026-01-26,63528
649,168,Health,239,2017-12-07,2020-12-07,93104
650,352,Auto,317,2015-02-21,2016-02-21,37788
651,317,Home,732,2023-11-11,2027-11-11,65425
652,231,Home,1303,2023-07-15,2028-07-15,145322
653,409,Home,1458,2015-06-21,2016-06-21,120814
654,41,Life,1915,2022-11-26,2024-11-26,386338
655,258,Home,950,2017-05-04,2021-05-04,123203
656,282,Auto,193,2023-11-17,2026-11-17,26513
657,206,Auto,133,2019-02-28,2022-02-28,7402
658,291,Home,559,2021-09-02,2022-09-02,188890
659,22,Life,640,2020-08-23,2024-08-23,473852
660,355,Auto,248,2022-08-20,2027-08-20,18654
661,400,Home,1389,2019-01-21,2020-01-21,172959
662,296,Health,607,2015-10-15,2019-10-15,24119
663,334,Auto,408,2022-03-02,2024-03-02,42823
664,153,Home,1200,2021-02-20,2023-02-20,159823
665,58,Life,1748,2015-06-11,2018-06-11,146976
666,419,Life,2414,2020-10-01,2025-10-01,432296
667,75,Health,655,2019-05-19,2023-05-19,33117
668,77,Auto,361,2020-11-25,2021-11-25,30371
669,420,Auto,461,2016-06-27,2021-06-27,17478
670,392,Health,300,2015-02-02,2016-02-02,23241
671,365,Home,884,2020-04-14,2024-04-14,195849
672,490,Home,1217,2023-03-22,2025-03-22,180929
673,310,Home,1453,2021-06-05,2022-06-05,64580
674,153,Home,928,2015-11-18,2019-11-18,152296
675,342,Life,1842,2020-11-14,2022-11-14,50123
676,119,Health,719,2016-03-02,2021-03-02,69584
677,163,Health,441,2022-04-28,2027-04-28,17053
678,291,Auto,374,2021-05-28,2022-05-28,27038
679,406,Auto,171,2019-09-19,2020-09-19,43047
680,360,Auto,383,2017-04-25,2019-04-25,30856
681,95,Health,251,2018-09-09,2020-09-09,98488
682,236,Health,775,2020-10-13,2021-10-13,91276
683,367,Home,321,2017-07-16,2019-07-16,48980
684,237,Health,389,2020-10-15,2021-10-15,82414
685,442,Auto,326,2015-04-18,2018-04-18,14561
686,64,Auto,281,2020-05-09,2021-05-09,25818
687,20,Home,1226,2021-09-11,2022-09-11,36813
688,465,Auto,446,2015-02-23,2017-02-23,30764
689,122,Home,1390,2020-12-11,2023-12-11,41648
690,72,Health,619,2018-05-27,2022-05-27,99711
691,265,Health,652,2017-04-14,2018-04-14,37148
692,98,Life,1996,2015-02-14,2016-02-14,481088
693,479,Home,937,2017-10-18,2020-10-18,117007
694,118,Health,332,2019-12-06,2022-12-06,71001
695,276,Life,779,2023-05-09,2025-05-09,368803
696,335,Auto,231,2019-02-20,2021-02-20,33265
697,415,Home,983,2019-04-23,2020-04-23,148781
698,357,Health,953,2023-06-10,2028-06-10,75709
699,421,Health,892,2020-02-16,2025-02-16,42291
700,17,Auto,160,2023-01-17,2026-01-17,14542
701,436,Life,1490,2018-03-14,2023-03-14,224905
702,366,Auto,212,2016-01-23,2021-01-23,48400
703,25,Home,1102,2022-10-18,2025-10-18,74350
704,86,Health,968,2017-06-24,2020-06-24,88819
705,485,Auto,198,2023-11-28,2028-11-28,16993
706,277,Life,800,2016-08-04,2021-08-04,378680
707,500,Health,758,2021-08-01,2025-08-01,46598
708,34,Health,862,2023-07-04,2025-07-04,12561
709,462,Home,644,2018-02-02,2021-02-02,100422
710,438,Auto,371,2023-06-09,2026-06-09,34364
711,408,Health,955,2016-12-13,2020-12-13,78481
712,221,Home,763,2021-07-05,2022-07-05,93889
713,15,Home,1337,2020-03-16,2025-03-16,95258
714,165,Home,1468,2022-04-27,2027-04-27,26428
715,349,Home,1369,2023-06-03,2025-06-03,24271
716,372,Home,1280,2019-04-11,2021-04-11,66111
717,262,Home,932,2023-01-19,2025-01-19,68890
718,172,Home,503,2020-04-05,2024-04-05,134931
719,3,Home,435,2015-10-10,2017-10-10,167431
720,162,Health,590,2022-08-25,2026-08-25,60478
721,159,Home,814,2021-06-27,2023-06-27,107150
722,290,Auto,244,2015-03-06,2016-03-06,20768
723,62,Life,831,2021-06-11,2026-06-11,472552
724,223,Health,599,2021-03-19,2023-03-19,21556
725,302,Auto,118,2022-04-16,2027-04-16,44681
726,377,Auto,166,2017-11-05,2018-11-05,6330
727,293,Health,574,2020-09-15,2021-09-15,96452
728,21,Health,783,2022-06-02,2024-06-02,35444
729,150,Health,609,2019-04-13,2023-04-13,15264
730,276,Home,478,2021-12-27,2025-12-27,138585
731,408,Home,691,2021-03-22,2024-03-22,69407
732,88,Home,1298,2023-02-18,2025-02-18,48759
733,230,Home,555,2017-12-21,2021-12-21,97948
734,318,Life,2622,2016-12-23,2018-12-23,293780
735,273,Health,441,2020-10-10,2023-10-10,69988
736,41,Life,2702,2022-02-23,2027-02-23,256530
737,26,Auto,285,2023-01-26,2024-01-26,16111
738,314,Health,896,2019-07-20,2023-07-20,83001
739,389,Auto,458,2023-06-20,2024-06-20,6344
740,234,Auto,469,2019-11-12,2023-11-12,44051
741,466,Life,1044,2018-05-22,2021-05-22,67013
742,175,Auto,428,2023-06-08,2025-06-08,48104
743,356,Home,1424,2016-12-22,2019-12-22,127237
744,49,Auto,474,2015-08-21,2018-08-21,35553
745,197,Home,660,2018-06-04,2022-06-04,108056
746,431,Home,1059,2019-08-09,2020-08-09,77100
747,464,Health,761,2022-06-13,2027-06-13,25504
748,371,Health,535,2023-03-12,2028-03-12,84548
749,181,Life,843,2022-08-04,2025-08-04,54976
750,47,Home,833,2019-08-26,2020-08-26,69179
751,212,Auto,261,2020-06-02,2025-06-02,25693
752,219,Home,913,2017-05-07,2019-05-07,159153
753,75,Auto,124,2018-07-04,2019-07-04,43040
754,274,Life,1458,2019-02-05,2024-02-05,404771
755,284,Life,823,2021-05-26,2024-05-26,442712
756,163,Auto,444,2023-11-24,2028-11-24,14575
757,469,Auto,108,2015-10-24,2020-10-24,11070
758,387,Health,673,2016-04-12,2021-04-12,17479
759,36,Home,1388,2021-12-05,2026-12-05,42725
760,418,Health,914,2016-12-15,2020-12-15,27108
761,249,Life,1516,2016-04-21,2020-04-21,163502
762,122,Home,406,2015-03-07,2017-03-07,30331
763,302,Life,2230,2020-08-11,2024-08-11,429902
764,484,Auto,369,2017-06-10,2018-06-10,33085
765,195,Home,1385,2021-12-17,2026-12-17,111781
766,420,Health,324,2020-08-11,2023-08-11,63928
767,307,Life,1918,2020-01-22,2024-01-22,456067
768,466,Home,1214,2023-10-23,2025-10-23,66519
769,458,Health,448,2019-07-10,2020-07-10,18907
770,304,Health,478,2022-01-25,2024-01-25,11166
771,8,Health,754,2016-06-15,2020-06-15,89427
772,196,Health,723,2022-12-23,2025-12-23,87110
773,427,Life,2795,2018-12-23,2021-12-23,219841
774,14,Auto,467,2017-08-08,2018-08-08,7742
775,169,Auto,202,2017-12-18,2021-12-18,9297
776,472,Health,437,2017-09-18,2022-09-18,45916
777,156,Home,1383,2020-09-02,2024-09-02,52600
778,327,Auto,259,2022-01-03,2023-01-03,17345
779,97,Home,1254,2016-09-03,2021-09-03,60836
780,436,Health,517,2022-11-26,2026-11-26,45676
781,188,Life,2933,2019-08-03,2022-08-03,104934
782,440,Auto,361,2022-01-05,2023-01-05,30232
783,317,Life,1758,2018-03-26,2021-03-26,410874
784,483,Health,858,2021-12-01,2026-12-01,19257
785,337,Life,2145,2021-03-02,2022-03-02,195200
786,85,Life,1428,2015-04-14,2020-04-14,310473
787,206,Health,861,2023-09-19,2025-09-19,57213
788,351,Health,464,2019-04-03,2020-04-03,10250
789,63,Auto,162,2023-06-05,2026-06-05,5328
790,348,Health,847,2020-08-20,2025-08-20,82329
791,201,Auto,131,2018-02-20,2023-02-20,34066
792,483,Auto,477,2017-10-11,2022-10-11,32939
793,300,Auto,238,2019-02-18,2024-02-18,8183
794,44,Auto,360,2015-10-24,2020-10-24,44870
795,207,Auto,496,2023-12-14,2025-12-14,46492
796,21,Auto,156,2017-10-08,2021-10-08,46259
797,249,Life,1577,2022-09-04,2027-09-04,461897
798,498,Life,607,2021-08-06,2022-08-06,361680
799,363,Health,967,2015-08-23,2017-08-23,13848
800,251,Auto,163,2018-05-18,2020-05-18,6967
801,190,Health,844,2018-12-17,2022-12-17,51174
802,458,Life,2940,2018-03-05,2023-03-05,292703
803,306,Life,1756,2023-02-10,2025-02-10,279366
804,155,Life,2471,2023-01-09,2024-01-09,148667
805,193,Life,1384,2018-02-28,2023-02-28,494674
806,124,Home,1479,2018-12-13,2019-12-13,82906
807,180,Life,669,2016-08-08,2019-08-08,79616
808,202,Health,497,2015-09-02,2018-09-02,12482
809,192,Life,2927,2020-01-09,2025-01-09,371217
810,228,Health,470,2019-04-09,2023-04-09,66766
811,86,Auto,155,2017-09-13,2018-09-13,24970
812,445,Home,654,2022-12-10,2027-12-10,118011
813,432,Auto,394,2021-02-01,2026-02-01,20887
814,396,Auto,429,2023-01-20,2028-01-20,14502
815,105,Life,2895,2023-01-06,2028-01-06,60312
816,23,Health,397,2018-03-18,2023-03-18,65177
817,306,Auto,283,2020-10-18,2023-10-18,19912
818,281,Life,1201,2016-07-13,2021-07-13,260185
819,187,Life,571,2016-06-21,2018-06-21,235836
820,263,Health,239,2018-07-05,2022-07-05,39898
821,388,Auto,487,2022-08-24,2024-08-24,44699
822,67,Life,2875,2021-11-03,2024-11-03,487210
823,28,Life,1711,2022-06-18,2023-06-18,438198
824,299,Home,957,2015-02-28,2020-02-28,175466
825,200,Life,1138,2022-12-05,2024-12-05,394924
826,418,Auto,264,2022-02-25,2024-02-25,30746
827,26,Life,1073,2021-03-12,2024-03-12,428221
828,42,Life,2177,2018-08-12,2022-08-12,436074
829,69,Health,757,2019-12-16,2023-12-16,98445
830,494,Home,876,2019-06-07,2023-06-07,172009
831,474,Home,863,2018-09-16,2020-09-16,91633
832,310,Home,1231,2016-03-12,2017-03-12,54037
833,440,Home,575,2021-04-11,2022-04-11,188768
834,272,Health,954,2021-04-01,2022-04-01,71819
835,498,Life,2698,2018-07-14,2019-07-14,177635
836,312,Health,905,2016-10-25,2017-10-25,54583
837,276,Home,455,2020-03-10,2024-03-10,162847
838,343,Auto,226,2022-11-07,2025-11-07,36242
839,57,Health,274,2017-03-24,2019-03-24,46661
840,75,Auto,366,2019-11-15,2020-11-15,36696
841,386,Home,1460,2019-03-05,2023-03-05,28473
842,78,Auto,171,2017-02-01,2019-02-01,47480
843,361,Life,1672,2020-04-03,2023-04-03,114933
844,158,Auto,219,2019-03-13,2021-03-13,7499
845,251,Home,1241,2017-03-15,2018-03-15,132429
846,336,Home,1354,2023-08-17,2024-08-17,168717
847,179,Health,940,2022-12-15,2026-12-15,89870
848,415,Health,414,2022-09-02,2023-09-02,56546
849,253,Life,2422,2015-12-27,2016-12-27,396406
850,478,Health,369,2021-03-27,2026-03-27,85083
851,21,Home,1439,2015-03-17,2017-03-17,115516
852,341,Auto,167,2021-06-24,2026-06-24,19150
853,420,Health,214,2020-01-26,2024-01-26,65652
854,314,Auto,169,2021-01-18,2024-01-18,14377
855,316,Health,585,2020-06-11,2022-06-11,99058
856,205,Home,1265,2017-07-24,2021-07-24,78211
857,210,Auto,101,2023-10-16,2025-10-16,25860
858,169,Auto,138,2020-03-23,2022-03-23,41765
859,254,Life,904,2022-01-10,2026-01-10,118281
860,249,Home,770,2019-01-26,2020-01-26,61573
861,291,Life,2514,2020-01-23,2025-01-23,324072
862,159,Home,1275,2018-03-14,2023-03-14,76512
863,112,Home,1157,2021-08-27,2023-08-27,79163
864,460,Home,610,2020-06-11,2022-06-11,103349
865,348,Health,710,2017-06-10,2018-06-10,35167
866,118,Auto,405,2022-09-06,2024-09-06,28396
867,202,Health,742,2018-01-16,2020-01-16,82933
868,36,Life,2432,2021-11-28,2023-11-28,92512
869,387,Health,709,2016-07-27,2021-07-27,51038
870,159,Health,477,2018-11-26,2023-11-26,28660
871,323,Life,1693,2017-11-02,2021-11-02,331477
872,220,Home,1492,2017-12-28,2018-12-28,86471
873,424,Auto,483,2018-12-05,2023-12-05,22677
874,94,Life,1113,2021-11-22,2023-11-22,146795
875,194,Auto,337,2022-05-15,2025-05-15,34620
876,2,Auto,205,2021-08-06,2023-08-06,46708
877,126,Home,1482,2015-11-22,2019-11-22,183096
878,360,Health,640,2021-08-20,2023-08-20,41162
879,305,Home,404,2016-12-15,2017-12-15,42348
880,63,Health,963,2016-06-15,2019-06-15,33529
881,136,Life,1236,2019-08-07,2022-08-07,291103
882,404,Life,2064,2022-03-02,2024-03-02,289774
883,471,Auto,295,2022-02-28,2026-02-28,10611
884,291,Home,594,2020-08-01,2021-08-01,133985
885,327,Auto,120,2017-09-18,2021-09-18,17390
886,202,Life,1195,2023-03-28,2024-03-28,105414
887,62,Home,1207,2018-02-22,2022-02-22,116405
888,43,Health,994,2020-05-25,2022-05-25,99431
889,11,Life,1505,2016-10-16,2021-10-16,198312
890,392,Home,1107,2021-07-21,2026-07-21,120093
891,80,Life,926,2017-05-14,2019-05-14,171829
892,399,Auto,223,2020-08-13,2021-08-13,45264
893,260,Home,1044,2016-07-10,2020-07-10,136659
894,253,Health,983,2020-02-19,2023-02-19,16087
895,152,Auto,408,2020-05-01,2024-05-01,20081
896,318,Life,606,2017-09-15,2019-09-15,262066
897,88,Health,457,2019-03-18,2021-03-18,12829
898,313,Auto,498,2015-11-09,2019-11-09,49231
899,184,Home,1261,2022-12-06,2023-12-06,152359
900,250,Auto,463,2019-05-10,2021-05-10,31593
901,211,Health,793,2017-03-27,2019-03-27,84975
902,266,Health,839,2023-04-17,2027-04-17,72187
903,95,Home,390,2017-02-27,2019-02-27,40149
904,69,Auto,221,2019-03-05,2022-03-05,35954
905,119,Auto,114,2022-09-10,2024-09-10,18347
906,4,Health,311,2019-05-05,2020-05-05,73065
907,315,Auto,445,2015-01-11,2020-01-11,43670
908,306,Life,966,2019-04-13,2020-04-13,224415
909,404,Home,367,2022-01-09,2024-01-09,51986
910,404,Home,348,2022-06-24,2024-06-24,138524
911,494,Home,609,2019-06-10,2023-06-10,150950
912,391,Auto,262,2018-10-24,2021-10-24,32331
913,258,Home,1353,2022-12-11,2026-12-11,158407
914,22,Auto,245,2020-12-27,2025-12-27,31493
915,373,Auto,440,2021-01-26,2024-01-26,5227
916,282,Life,1924,2018-12-27,2020-12-27,58429
917,319,Auto,353,2022-08-17,2023-08-17,41174
918,29,Auto,245,2020-03-21,2024-03-21,38071
919,277,Health,729,2019-06-05,2023-06-05,16249
920,1,Life,2803,2018-10-16,2020-10-16,235912
921,211,Home,991,2019-09-14,2022-09-14,148716
922,128,Life,1422,2018-01-22,2023-01-22,120019
923,148,Home,1113,2018-05-09,2019-05-09,188840
924,177,Life,1121,2021-08-09,2024-08-09,269396
925,426,Home,581,2015-08-21,2016-08-21,186192
926,194,Health,564,2022-12-19,2026-12-19,74896
927,96,Life,2648,2015-01-07,2017-01-07,123230
928,403,Auto,114,2017-09-01,2021-09-01,20525
929,89,Auto,359,2017-01-02,2021-01-02,11519
930,305,Auto,415,2021-05-14,2023-05-14,40589
931,86,Health,451,2019-07-04,2020-07-04,89523
932,51,Life,2316,2015-06-17,2020-06-17,64555
933,316,Life,2576,2017-03-13,2020-03-13,356216
934,90,Home,544,2017-08-10,2018-08-10,119117
935,5,Health,302,2016-01-13,2021-01-13,22299
936,84,Auto,126,2019-02-23,2022-02-23,18497
937,77,Life,1193,2016-06-22,2021-06-22,439015
938,188,Home,593,2023-09-17,2026-09-17,138350
939,325,Health,892,2021-04-03,2026-04-03,77857
940,137,Health,841,2018-10-07,2021-10-07,15774
941,274,Auto,392,2016-09-28,2018-09-28,15988
942,348,Health,528,2019-04-24,2021-04-24,92844
943,352,Health,836,2019-02-25,2022-02-25,11492
944,258,Auto,294,2019-11-02,2023-11-02,37627
945,442,Auto,260,2015-09-13,2019-09-13,6359
946,218,Auto,435,2018-12-21,2021-12-21,6986
947,65,Home,923,2023-11-09,2028-11-09,39951
948,76,Home,1190,2022-10-12,2023-10-12,53981
949,217,Home,1271,2016-02-08,2017-02-08,30437
950,118,Life,2670,2022-03-11,2025-03-11,231364
951,210,Health,733,2017-11-07,2022-11-07,12013
952,339,Home,1421,2022-04-09,2027-04-09,36587
953,236,Life,2799,2018-07-20,2023-07-20,271684
954,145,Auto,496,2017-11-25,2021-11-25,29876
955,408,Health,797,2022-07-09,2024-07-09,66861
956,452,Health,633,2020-02-16,2022-02-16,65126
957,335,Life,1821,2020-11-04,2025-11-04,341084
958,207,Auto,296,2018-08-27,2020-08-27,35915
959,363,Home,1256,2018-07-20,2019-07-20,86389
960,77,Life,2572,2022-11-10,2023-11-10,292903
961,324,Health,887,2021-01-20,2022-01-20,93428
962,478,Life,2864,2021-07-23,2023-07-23,464304
963,138,Health,381,2019-09-21,2024-09-21,24200
964,419,Life,1289,2019-02-26,2023-02-26,435147
965,280,Life,899,2019-08-07,2020-08-07,93390
966,104,Life,1227,2017-09-15,2018-09-15,201429
967,83,Health,395,2019-06-24,2022-06-24,17574
968,261,Life,1158,2017-11-10,2022-11-10,479714
969,195,Home,524,2018-06-27,2020-06-27,111844
970,189,Health,682,2022-05-22,2026-05-22,17432
971,332,Auto,383,2017-04-02,2019-04-02,5276
972,53,Life,2919,2023-04-17,2024-04-17,494965
973,431,Home,367,2023-10-24,2028-10-24,77521
974,239,Home,1149,2023-02-04,2025-02-04,89877
975,410,Auto,390,2021-11-08,2023-11-08,48916
976,476,Life,1236,2016-06-19,2021-06-19,319145
977,248,Home,825,2020-01-22,2024-01-22,48493
978,198,Auto,255,2020-10-11,2022-10-11,5371
979,86,Life,518,2017-04-26,2021-04-26,455808
980,426,Health,516,2023-01-02,2028-01-02,98229
981,138,Health,477,2019-12-01,2022-12-01,63551
982,209,Life,643,2016-04-22,2017-04-22,366961
983,499,Life,1888,2018-07-16,2021-07-16,177819
984,391,Auto,293,2022-08-04,2023-08-04,26066
985,468,Home,1065,2016-08-27,2019-08-27,34380
986,394,Life,2885,2017-08-23,2021-08-23,114360
987,482,Home,917,2021-02-18,2023-02-18,183747
988,423,Home,1393,2017-07-14,2019-07-14,155511
989,83,Auto,363,2020-01-05,2023-01-05,37967
990,24,Home,1008,2020-12-23,2021-12-23,82483
991,253,Life,2265,2019-06-23,2020-06-23,163284
992,278,Home,1116,2023-01-24,2025-01-24,27329
993,136,Life,1079,2021-03-15,2022-03-15,174457
994,266,Health,676,2018-11-28,2019-11-28,52817
995,230,Life,1227,2016-06-16,2021-06-16,499357
996,491,Home,392,2015-05-07,2018-05-07,188912
997,281,Life,2859,2016-03-10,2019-03-10,371723
998,263,Home,1361,2018-06-06,2022-06-06,187262
999,3,Life,1963,2017-01-05,2022-01-05,287403
1000,49,Life,757,2019-09-24,2020-09-24,248319
