PaymentID,PolicyID,PaymentDate,PaymentAmount,PaymentMethod
1,398,2020-08-24,2502,Bank Transfer
2,460,2020-08-27,1899,Debit
3,550,2020-04-24,234,Debit
4,63,2024-06-08,2214,Debit
5,998,2016-06-21,883,Bank Transfer
6,218,2021-04-17,1939,Bank Transfer
7,125,2019-07-18,670,Bank Transfer
8,723,2015-04-13,2225,Debit
9,955,2022-12-14,1494,Credit
10,952,2016-10-25,938,Debit
11,916,2024-03-14,2061,Bank Transfer
12,323,2021-07-13,2902,Debit
13,877,2019-07-18,1968,Debit
14,415,2018-05-16,585,Debit
15,637,2021-08-07,288,Credit
16,198,2018-10-06,1413,Bank Transfer
17,483,2018-01-10,687,Bank Transfer
18,942,2017-09-04,1594,Debit
19,775,2020-07-17,1026,Credit
20,105,2020-02-16,807,Debit
21,973,2021-02-23,1478,Bank Transfer
22,30,2017-07-15,2227,Bank Transfer
23,919,2018-06-05,704,Credit
24,315,2024-09-28,1015,Bank Transfer
25,954,2022-08-21,418,Debit
26,174,2021-11-19,1169,Bank Transfer
27,628,2017-02-20,2603,Debit
28,949,2015-04-14,2300,Debit
29,408,2018-05-13,2290,Credit
30,102,2021-02-16,181,Credit
31,260,2019-04-04,1339,Debit
32,672,2018-10-04,818,Bank Transfer
33,158,2016-11-17,497,Debit
34,770,2021-02-08,924,Bank Transfer
35,182,2020-05-25,291,Credit
36,178,2018-08-10,1495,Credit
37,259,2019-10-20,174,Credit
38,579,2018-01-28,2034,Credit
39,450,2017-12-25,689,Credit
40,79,2018-09-25,2788,Debit
41,832,2016-05-11,2558,Debit
42,877,2015-01-16,845,Debit
43,200,2017-12-19,298,Debit
44,186,2020-12-26,326,Bank Transfer
45,239,2015-07-14,2823,Credit
46,682,2019-08-07,976,Credit
47,39,2015-03-16,2507,Credit
48,851,2021-01-10,1487,Bank Transfer
49,740,2016-04-21,2685,Bank Transfer
50,436,2018-10-23,2417,Bank Transfer
51,203,2020-05-16,1279,Debit
52,697,2019-08-05,2864,Debit
53,868,2020-09-04,2459,Credit
54,811,2019-12-06,178,Debit
55,481,2022-07-24,1730,Bank Transfer
56,438,2016-06-12,2483,Bank Transfer
57,342,2024-09-10,1719,Credit
58,154,2019-04-13,1218,Bank Transfer
59,218,2015-07-20,1537,Bank Transfer
60,280,2019-06-10,2323,Credit
61,586,2020-03-26,405,Credit
62,467,2023-07-27,107,Debit
63,151,2024-03-26,466,Bank Transfer
64,255,2018-02-01,754,Debit
65,399,2015-07-28,1181,Bank Transfer
66,162,2017-10-26,1385,Bank Transfer
67,132,2015-04-14,1357,Bank Transfer
68,938,2020-03-28,1130,Debit
69,649,2018-11-23,1618,Bank Transfer
70,231,2018-12-10,1821,Debit
71,449,2019-04-21,2708,Credit
72,289,2016-07-28,1199,Debit
73,319,2016-02-26,2205,Debit
74,946,2016-10-10,1287,Debit
75,793,2016-02-01,687,Bank Transfer
76,341,2015-02-27,1707,Debit
77,62,2017-02-19,1581,Debit
78,102,2018-06-18,2579,Credit
79,132,2024-07-09,844,Debit
80,766,2020-09-12,2743,Credit
81,324,2019-12-09,458,Credit
82,499,2022-08-06,2244,Bank Transfer
83,205,2020-11-23,481,Bank Transfer
84,658,2020-02-19,2825,Bank Transfer
85,679,2018-09-07,768,Credit
86,550,2015-02-19,1208,Bank Transfer
87,456,2016-09-18,1667,Credit
88,186,2019-03-14,2451,Debit
89,434,2020-08-26,1787,Debit
90,858,2019-09-04,2812,Debit
91,751,2018-05-20,1923,Debit
92,311,2023-07-11,196,Bank Transfer
93,688,2018-08-24,2198,Bank Transfer
94,452,2021-06-08,1644,Bank Transfer
95,692,2022-01-10,2397,Credit
96,792,2017-03-24,2018,Bank Transfer
97,472,2022-04-04,592,Bank Transfer
98,968,2022-05-01,871,Credit
99,965,2019-12-28,1139,Credit
100,130,2020-11-20,2000,Bank Transfer
101,744,2018-01-13,1747,Debit
102,308,2017-08-07,934,Credit
103,101,2015-06-04,619,Bank Transfer
104,587,2023-04-18,965,Credit
105,747,2024-04-11,1550,Debit
106,38,2022-03-04,2864,Bank Transfer
107,1000,2017-10-15,463,Bank Transfer
108,578,2015-07-01,1215,Credit
109,197,2020-06-23,1901,Bank Transfer
110,920,2023-03-25,1104,Credit
111,786,2019-05-24,929,Credit
112,71,2018-08-16,2951,Credit
113,806,2021-07-28,1317,Debit
114,264,2016-03-03,1401,Debit
115,383,2016-07-23,966,Credit
116,806,2021-05-20,2267,Credit
117,279,2019-12-14,2036,Debit
118,828,2020-01-24,1341,Bank Transfer
119,593,2020-07-21,217,Credit
120,557,2022-03-03,1621,Bank Transfer
121,806,2019-12-03,2500,Bank Transfer
122,674,2023-03-11,2059,Debit
123,453,2020-10-14,786,Bank Transfer
124,738,2016-01-27,469,Bank Transfer
125,267,2016-09-15,1649,Credit
126,473,2018-04-18,1092,Bank Transfer
127,161,2024-09-01,146,Bank Transfer
128,591,2022-10-15,2136,Credit
129,70,2017-08-05,2800,Credit
130,642,2021-01-04,2385,Credit
131,808,2015-11-05,2846,Bank Transfer
132,467,2015-06-23,510,Bank Transfer
133,132,2022-12-14,811,Bank Transfer
134,43,2017-11-18,211,Debit
135,182,2022-04-19,2852,Credit
136,732,2020-08-23,1198,Credit
137,121,2017-07-19,2117,Credit
138,380,2024-12-21,589,Bank Transfer
139,682,2015-09-02,2170,Debit
140,611,2017-03-07,1960,Credit
141,513,2018-03-23,1692,Debit
142,948,2017-07-19,2474,Bank Transfer
143,525,2021-03-19,2445,Credit
144,717,2017-03-15,2394,Debit
145,670,2017-07-20,2672,Bank Transfer
146,513,2024-06-15,1743,Credit
147,604,2016-03-08,2457,Debit
148,688,2016-03-04,786,Credit
149,640,2020-05-20,2729,Bank Transfer
150,982,2016-04-02,393,Debit
151,23,2024-02-05,1664,Debit
152,208,2021-04-07,1481,Credit
153,583,2022-02-23,2174,Debit
154,855,2016-09-25,184,Credit
155,86,2015-03-13,698,Credit
156,106,2018-09-02,1130,Credit
157,616,2021-05-22,879,Bank Transfer
158,868,2024-05-16,183,Bank Transfer
159,536,2016-02-26,2980,Debit
160,524,2021-09-25,1333,Bank Transfer
161,82,2020-10-13,1483,Credit
162,917,2020-02-03,2465,Debit
163,17,2022-06-13,1057,Bank Transfer
164,45,2017-08-01,778,Credit
165,599,2018-01-06,844,Credit
166,766,2018-08-17,2156,Debit
167,14,2020-07-18,1666,Credit
168,893,2016-02-11,1405,Debit
169,753,2021-12-13,2585,Credit
170,132,2023-12-20,1995,Credit
171,591,2015-07-10,2910,Credit
172,833,2021-09-21,910,Credit
173,546,2017-07-14,612,Debit
174,426,2015-09-28,1330,Credit
175,582,2023-02-04,563,Credit
176,765,2020-04-03,2143,Bank Transfer
177,519,2023-11-24,1386,Bank Transfer
178,785,2021-11-20,1232,Bank Transfer
179,723,2022-11-08,671,Debit
180,321,2022-07-18,2671,Debit
181,334,2022-07-01,1668,Debit
182,737,2015-02-08,2290,Debit
183,913,2015-08-09,1130,Debit
184,996,2024-06-12,2526,Credit
185,758,2020-02-24,2283,Bank Transfer
186,473,2021-04-12,858,Bank Transfer
187,563,2021-11-16,802,Credit
188,35,2019-01-20,2300,Bank Transfer
189,216,2022-07-13,2086,Credit
190,351,2016-06-23,2674,Debit
191,181,2023-10-28,2062,Debit
192,576,2019-05-04,935,Debit
193,296,2024-11-09,561,Debit
194,669,2024-07-08,2198,Debit
195,541,2016-04-18,608,Bank Transfer
196,337,2017-02-01,2491,Debit
197,411,2017-05-28,1911,Debit
198,9,2024-11-01,1342,Debit
199,760,2020-08-10,1459,Credit
200,707,2020-05-11,1805,Debit
201,40,2019-04-10,2883,Bank Transfer
202,97,2019-05-17,2957,Bank Transfer
203,941,2024-04-03,941,Credit
204,13,2016-02-07,2428,Bank Transfer
205,563,2021-04-24,1940,Credit
206,417,2015-10-18,823,Debit
207,911,2021-02-27,1053,Debit
208,99,2019-10-11,2789,Bank Transfer
209,486,2024-08-14,956,Bank Transfer
210,632,2018-04-11,1645,Debit
211,36,2018-02-14,132,Credit
212,560,2021-02-01,2337,Debit
213,960,2024-01-03,2503,Credit
214,244,2022-01-08,2299,Debit
215,981,2024-07-20,1729,Bank Transfer
216,824,2020-02-06,2262,Bank Transfer
217,530,2020-04-26,2261,Debit
218,494,2024-03-03,2719,Debit
219,19,2022-01-02,200,Debit
220,181,2024-05-17,984,Bank Transfer
221,973,2019-08-08,2634,Debit
222,574,2016-08-01,2573,Credit
223,10,2022-04-09,1752,Credit
224,924,2024-12-11,160,Bank Transfer
225,662,2020-08-06,2149,Debit
226,943,2020-02-06,313,Bank Transfer
227,979,2021-02-18,971,Bank Transfer
228,895,2021-08-27,571,Credit
229,284,2023-11-28,2714,Credit
230,957,2019-05-04,143,Credit
231,633,2016-07-10,230,Credit
232,916,2021-02-23,2938,Credit
233,830,2023-12-06,2923,Credit
234,481,2022-06-13,672,Debit
235,844,2018-06-24,1398,Credit
236,411,2023-08-13,2842,Bank Transfer
237,845,2016-08-22,1403,Bank Transfer
238,238,2021-02-28,329,Bank Transfer
239,364,2020-04-17,2679,Credit
240,904,2015-03-02,367,Debit
241,784,2015-02-04,503,Bank Transfer
242,864,2015-12-07,2858,Bank Transfer
243,219,2024-09-26,1052,Bank Transfer
244,332,2018-07-19,151,Bank Transfer
245,436,2016-10-21,671,Bank Transfer
246,189,2024-07-23,780,Debit
247,832,2018-03-21,2881,Credit
248,224,2021-02-23,845,Credit
249,507,2020-09-16,2213,Debit
250,513,2020-10-01,372,Debit
251,952,2019-06-07,2826,Credit
252,926,2020-07-26,1240,Credit
253,73,2019-06-19,1752,Bank Transfer
254,914,2015-01-18,1681,Debit
255,582,2023-12-01,1782,Credit
256,928,2021-04-09,1188,Bank Transfer
257,376,2016-07-14,135,Credit
258,394,2022-05-18,584,Bank Transfer
259,773,2022-02-08,599,Bank Transfer
260,373,2024-01-01,1231,Bank Transfer
261,375,2018-05-26,1598,Bank Transfer
262,223,2021-02-14,2491,Bank Transfer
263,406,2019-05-05,2078,Credit
264,173,2023-06-12,537,Debit
265,723,2017-12-01,483,Credit
266,162,2017-03-16,1027,Credit
267,324,2017-08-19,2501,Debit
268,124,2022-09-01,682,Bank Transfer
269,491,2021-02-14,1212,Bank Transfer
270,135,2018-01-10,186,Credit
271,698,2018-07-13,1308,Debit
272,627,2022-11-21,1109,Debit
273,730,2018-09-27,2403,Credit
274,793,2016-04-11,768,Credit
275,762,2022-10-27,1004,Credit
276,718,2019-02-15,1550,Debit
277,255,2023-09-18,1553,Debit
278,603,2020-11-27,184,Credit
279,203,2019-09-25,1509,Credit
280,171,2024-12-18,363,Bank Transfer
281,640,2024-10-04,1028,Bank Transfer
282,250,2024-04-06,2101,Credit
283,679,2015-12-07,1014,Bank Transfer
284,634,2024-01-19,910,Bank Transfer
285,332,2018-02-06,129,Debit
286,892,2020-09-09,1812,Credit
287,858,2023-10-12,904,Debit
288,975,2019-02-01,198,Credit
289,110,2018-12-24,2945,Credit
290,841,2015-08-21,2985,Debit
291,272,2017-10-24,419,Debit
292,834,2023-04-20,1324,Credit
293,512,2021-06-11,2478,Debit
294,886,2022-05-12,834,Bank Transfer
295,909,2017-06-10,1482,Debit
296,72,2017-01-04,318,Bank Transfer
297,665,2024-04-12,450,Debit
298,440,2021-10-02,1432,Debit
299,752,2017-10-25,2098,Credit
300,137,2019-10-17,2688,Credit
301,982,2017-10-10,2508,Bank Transfer
302,416,2015-09-16,2483,Credit
303,140,2021-02-26,2581,Credit
304,651,2017-12-26,2075,Credit
305,927,2022-04-07,1267,Debit
306,742,2018-01-27,2642,Debit
307,737,2021-03-13,339,Debit
308,779,2015-06-16,1267,Bank Transfer
309,330,2023-08-24,2616,Bank Transfer
310,852,2016-08-12,2814,Credit
311,149,2021-11-03,1789,Bank Transfer
312,895,2019-12-28,1519,Credit
313,949,2023-04-21,221,Debit
314,458,2022-10-06,1627,Debit
315,653,2017-12-17,2248,Credit
316,696,2015-03-09,2318,Credit
317,296,2016-11-12,1202,Debit
318,314,2016-02-26,1079,Credit
319,128,2019-09-01,1402,Credit
320,548,2020-02-08,782,Credit
321,583,2024-03-08,1628,Bank Transfer
322,798,2018-10-26,543,Debit
323,761,2015-02-09,1267,Credit
324,77,2016-10-23,1193,Debit
325,898,2022-02-01,2145,Debit
326,225,2022-11-02,2020,Debit
327,620,2021-03-20,2505,Credit
328,945,2019-09-02,1510,Debit
329,691,2024-08-10,1688,Credit
330,551,2015-10-18,700,Credit
331,740,2015-12-11,1788,Credit
332,510,2020-09-18,1963,Debit
333,364,2021-04-20,877,Credit
334,190,2017-12-18,1192,Debit
335,205,2016-06-03,358,Credit
336,868,2015-10-02,279,Debit
337,450,2016-08-24,1412,Debit
338,985,2017-03-24,1970,Bank Transfer
339,968,2021-11-10,1819,Bank Transfer
340,454,2024-06-27,1495,Credit
341,901,2024-04-12,2539,Debit
342,58,2022-10-27,1812,Debit
343,332,2019-12-11,2603,Bank Transfer
344,158,2015-10-05,189,Debit
345,1,2019-09-10,903,Debit
346,397,2020-01-15,1908,Debit
347,583,2018-03-13,1434,Debit
348,327,2020-04-07,2778,Bank Transfer
349,229,2022-10-28,1104,Bank Transfer
350,788,2021-02-16,1185,Debit
351,408,2016-10-23,1991,Credit
352,874,2022-06-19,2683,Debit
353,994,2018-04-03,2549,Credit
354,125,2019-06-14,1000,Credit
355,937,2024-01-09,420,Credit
356,342,2021-08-15,368,Debit
357,557,2018-01-15,1913,Credit
358,629,2020-04-08,1068,Debit
359,469,2020-08-12,2529,Credit
360,838,2018-12-23,1983,Bank Transfer
361,112,2016-03-11,2739,Bank Transfer
362,459,2022-07-15,2354,Bank Transfer
363,107,2019-10-09,1381,Credit
364,342,2017-02-23,231,Debit
365,781,2017-05-20,2779,Credit
366,760,2022-09-20,2761,Credit
367,449,2021-01-20,2875,Debit
368,531,2021-11-24,787,Debit
369,914,2019-06-03,1781,Debit
370,883,2021-05-13,2558,Credit
371,844,2020-12-07,2596,Bank Transfer
372,58,2020-06-17,2398,Bank Transfer
373,307,2018-10-13,1877,Debit
374,289,2015-08-20,2707,Bank Transfer
375,186,2020-04-20,280,Debit
376,918,2024-12-22,1272,Bank Transfer
377,178,2023-11-15,1806,Credit
378,750,2024-12-17,2424,Debit
379,660,2016-11-11,958,Debit
380,153,2017-10-18,842,Bank Transfer
381,466,2016-09-22,2184,Debit
382,77,2017-06-16,1805,Credit
383,235,2016-06-28,2185,Bank Transfer
384,719,2015-01-06,1633,Bank Transfer
385,891,2015-01-19,1784,Credit
386,895,2015-07-27,753,Credit
387,395,2018-07-10,2436,Bank Transfer
388,83,2021-05-18,2590,Debit
389,573,2015-03-17,559,Debit
390,530,2021-02-22,2479,Bank Transfer
391,59,2024-09-08,180,Credit
392,525,2015-11-16,1334,Credit
393,654,2022-05-02,1859,Debit
394,453,2018-10-08,580,Bank Transfer
395,593,2019-10-16,2259,Credit
396,22,2019-09-10,1769,Bank Transfer
397,6,2020-07-09,633,Credit
398,56,2018-09-20,1742,Bank Transfer
399,173,2018-01-06,2442,Debit
400,792,2018-10-11,657,Debit
401,813,2022-06-06,2296,Debit
402,731,2024-11-07,268,Debit
403,337,2023-03-22,1121,Bank Transfer
404,522,2015-10-28,2816,Credit
405,301,2023-09-20,1606,Debit
406,492,2022-11-25,1493,Bank Transfer
407,613,2023-05-08,1989,Bank Transfer
408,535,2015-04-20,1568,Debit
409,426,2019-12-09,1281,Debit
410,540,2018-06-07,2423,Credit
411,596,2021-08-25,2392,Credit
412,986,2020-06-09,1427,Debit
413,84,2021-11-18,2014,Bank Transfer
414,34,2015-09-14,416,Credit
415,611,2023-06-16,2772,Credit
416,641,2022-11-21,763,Debit
417,326,2021-01-12,2496,Credit
418,266,2022-12-06,896,Debit
419,532,2024-09-02,2364,Debit
420,541,2022-11-14,2424,Bank Transfer
421,233,2015-07-18,2012,Bank Transfer
422,877,2016-09-28,138,Debit
423,306,2016-06-13,2987,Credit
424,141,2020-09-21,1642,Credit
425,893,2024-11-22,2733,Credit
426,610,2020-06-23,2411,Credit
427,95,2020-02-22,2366,Debit
428,173,2017-01-14,883,Bank Transfer
429,746,2020-07-07,2581,Credit
430,472,2024-11-14,1121,Credit
431,843,2023-07-21,1818,Bank Transfer
432,425,2021-04-09,974,Bank Transfer
433,733,2022-05-01,1945,Credit
434,62,2023-08-15,1028,Bank Transfer
435,562,2020-11-13,1756,Debit
436,292,2023-10-17,1180,Credit
437,799,2023-07-02,1063,Credit
438,626,2021-09-15,2723,Debit
439,747,2018-07-16,424,Bank Transfer
440,2,2024-07-27,1761,Credit
441,655,2020-12-11,1069,Bank Transfer
442,208,2024-02-26,455,Bank Transfer
443,783,2024-02-02,1226,Credit
444,421,2018-12-06,1480,Credit
445,897,2020-11-27,2673,Credit
446,760,2020-12-04,845,Credit
447,67,2018-04-17,1742,Credit
448,736,2022-03-08,1324,Bank Transfer
449,143,2021-01-10,2951,Credit
450,986,2018-09-07,2162,Bank Transfer
451,695,2023-11-19,1129,Credit
452,682,2021-06-13,848,Bank Transfer
453,930,2019-11-25,1945,Bank Transfer
454,305,2020-01-25,2401,Debit
455,890,2020-11-02,1171,Debit
456,46,2020-05-28,983,Credit
457,109,2018-06-03,1174,Bank Transfer
458,210,2021-06-26,503,Debit
459,584,2022-04-08,415,Credit
460,354,2023-03-12,827,Bank Transfer
461,729,2019-12-08,749,Debit
462,465,2015-05-18,1710,Bank Transfer
463,94,2015-04-10,2317,Bank Transfer
464,201,2018-05-09,444,Credit
465,660,2020-04-26,2053,Debit
466,518,2020-11-16,1950,Bank Transfer
467,215,2018-03-28,2609,Credit
468,548,2021-03-26,585,Debit
469,1000,2016-12-24,1269,Bank Transfer
470,403,2024-01-03,2873,Debit
471,582,2016-12-08,811,Credit
472,190,2020-06-13,2400,Bank Transfer
473,757,2017-02-04,1868,Credit
474,391,2024-09-07,585,Credit
475,536,2020-08-05,2544,Debit
476,222,2016-08-06,1532,Credit
477,555,2020-02-16,1828,Debit
478,837,2022-01-05,2547,Bank Transfer
479,174,2018-09-19,2150,Debit
480,490,2023-01-20,1188,Credit
481,496,2022-03-13,112,Bank Transfer
482,695,2019-11-27,1444,Debit
483,254,2018-07-17,1501,Bank Transfer
484,590,2016-03-05,289,Credit
485,675,2022-06-19,1351,Credit
486,830,2017-12-19,1004,Debit
487,956,2022-10-11,2304,Debit
488,533,2018-03-22,2830,Bank Transfer
489,949,2018-12-01,983,Credit
490,240,2021-10-06,2746,Credit
491,953,2019-03-23,2689,Credit
492,496,2017-10-08,727,Bank Transfer
493,337,2016-03-14,739,Bank Transfer
494,505,2015-08-13,1181,Debit
495,584,2020-12-18,1930,Debit
496,985,2024-08-04,1813,Credit
497,334,2020-10-18,875,Bank Transfer
498,833,2017-06-24,625,Debit
499,576,2019-08-01,660,Debit
500,118,2022-05-12,1653,Debit
501,359,2020-02-02,1233,Debit
502,617,2022-02-24,2930,Credit
503,856,2015-09-25,1238,Credit
504,764,2018-08-13,1606,Credit
505,801,2020-02-06,1816,Bank Transfer
506,906,2022-06-25,672,Debit
507,14,2017-08-28,2120,Debit
508,607,2022-01-11,1267,Credit
509,934,2024-09-01,907,Bank Transfer
510,875,2015-01-21,2530,Debit
511,581,2022-02-24,152,Credit
512,925,2022-03-02,2771,Bank Transfer
513,19,2017-10-04,888,Bank Transfer
514,598,2018-05-11,1715,Bank Transfer
515,981,2016-09-05,1904,Debit
516,686,2021-08-22,1057,Debit
517,418,2016-06-28,1128,Credit
518,512,2022-05-16,1861,Debit
519,987,2024-09-27,1972,Credit
520,978,2017-01-05,2999,Debit
521,980,2022-02-25,761,Debit
522,120,2017-04-06,1544,Bank Transfer
523,188,2017-02-05,2607,Bank Transfer
524,79,2015-03-04,2586,Debit
525,658,2020-05-14,1542,Credit
526,296,2020-12-12,759,Debit
527,945,2021-08-02,1802,Credit
528,616,2015-12-15,1388,Debit
529,189,2017-12-19,715,Debit
530,247,2015-08-06,1164,Bank Transfer
531,374,2016-08-27,1956,Debit
532,346,2021-09-14,1299,Bank Transfer
533,870,2015-10-09,970,Bank Transfer
534,888,2016-08-11,2403,Bank Transfer
535,89,2017-10-16,1376,Bank Transfer
536,888,2024-06-27,835,Debit
537,796,2017-09-17,2083,Debit
538,185,2020-01-04,1915,Bank Transfer
539,904,2022-02-28,265,Bank Transfer
540,220,2018-03-16,390,Credit
541,39,2016-12-13,1604,Bank Transfer
542,758,2021-09-08,2239,Bank Transfer
543,597,2018-05-09,879,Debit
544,111,2016-02-11,2775,Bank Transfer
545,300,2022-10-10,511,Credit
546,118,2024-11-04,2308,Debit
547,194,2017-05-23,2785,Bank Transfer
548,8,2024-10-17,2262,Bank Transfer
549,966,2016-09-22,933,Credit
550,632,2017-06-23,2766,Debit
551,700,2017-07-07,2259,Bank Transfer
552,75,2024-12-02,2688,Credit
553,721,2018-09-01,2668,Credit
554,918,2021-10-27,257,Credit
555,407,2016-12-03,2219,Credit
556,916,2018-07-05,265,Credit
557,626,2016-05-14,235,Credit
558,381,2022-01-10,1756,Bank Transfer
559,923,2020-02-17,1707,Debit
560,285,2020-08-20,823,Credit
561,439,2015-08-12,1416,Credit
562,693,2021-11-14,773,Bank Transfer
563,83,2020-09-03,1814,Debit
564,770,2020-01-09,2351,Credit
565,664,2016-11-02,2025,Bank Transfer
566,949,2020-09-22,2670,Credit
567,220,2024-04-28,1586,Credit
568,395,2023-06-24,167,Bank Transfer
569,380,2017-01-27,205,Debit
570,295,2018-08-15,1308,Bank Transfer
571,831,2024-10-06,477,Debit
572,610,2016-11-08,1208,Bank Transfer
573,370,2021-08-25,1089,Credit
574,804,2018-06-09,763,Debit
575,502,2022-02-22,154,Debit
576,843,2021-10-12,2292,Credit
577,18,2021-02-15,1251,Debit
578,493,2022-03-03,2060,Credit
579,703,2017-06-23,2095,Debit
580,386,2017-04-18,198,Bank Transfer
581,75,2024-02-18,679,Debit
582,227,2016-01-19,376,Debit
583,812,2019-02-16,2257,Debit
584,889,2021-05-01,2614,Credit
585,308,2018-01-20,726,Credit
586,149,2019-04-17,151,Debit
587,150,2019-10-23,1645,Debit
588,86,2019-10-15,1467,Credit
589,424,2018-01-07,2326,Credit
590,106,2018-01-28,1298,Credit
591,864,2016-10-20,1775,Debit
592,570,2016-03-09,337,Credit
593,249,2017-10-20,706,Bank Transfer
594,548,2020-06-20,2268,Debit
595,693,2019-07-23,1457,Credit
596,283,2023-09-24,1169,Debit
597,850,2019-06-23,367,Debit
598,196,2017-11-12,1809,Bank Transfer
599,780,2019-10-21,1774,Bank Transfer
600,919,2021-07-07,2366,Credit
601,577,2021-06-11,936,Credit
602,14,2022-09-14,1231,Debit
603,853,2020-10-26,1293,Bank Transfer
604,726,2016-11-28,2750,Credit
605,415,2020-11-07,2480,Debit
606,744,2024-06-22,1342,Bank Transfer
607,640,2023-05-24,1869,Bank Transfer
608,623,2024-08-13,2489,Bank Transfer
609,130,2019-10-04,2378,Credit
610,37,2019-05-18,284,Debit
611,944,2015-11-28,2616,Bank Transfer
612,707,2017-03-14,1978,Bank Transfer
613,758,2017-02-03,1106,Bank Transfer
614,806,2022-07-23,1501,Debit
615,871,2022-07-12,993,Credit
616,355,2023-08-04,2020,Debit
617,520,2024-05-23,746,Debit
618,314,2015-05-09,1894,Debit
619,37,2016-04-18,1701,Debit
620,22,2015-07-20,2293,Credit
621,301,2016-11-07,2200,Credit
622,499,2019-12-09,2054,Bank Transfer
623,255,2018-10-09,2082,Debit
624,755,2016-07-17,2588,Credit
625,421,2021-12-07,154,Bank Transfer
626,533,2017-05-02,1622,Credit
627,136,2019-03-25,543,Bank Transfer
628,751,2021-12-14,2085,Credit
629,452,2024-07-10,2231,Credit
630,714,2015-09-16,2011,Debit
631,665,2016-02-27,1312,Credit
632,385,2020-04-19,1536,Debit
633,699,2021-04-19,2140,Bank Transfer
634,150,2017-10-22,1528,Credit
635,215,2020-08-04,234,Credit
636,849,2018-07-12,289,Credit
637,978,2022-03-27,2667,Credit
638,104,2020-07-09,156,Credit
639,763,2024-09-11,1605,Bank Transfer
640,902,2015-08-15,2834,Debit
641,655,2020-01-16,1954,Bank Transfer
642,293,2022-12-05,2251,Bank Transfer
643,112,2018-05-11,343,Bank Transfer
644,74,2015-05-27,856,Bank Transfer
645,672,2016-11-24,2180,Credit
646,284,2024-11-12,1496,Debit
647,951,2016-08-17,2768,Bank Transfer
648,372,2020-01-03,2551,Bank Transfer
649,400,2020-08-12,2349,Debit
650,463,2022-03-19,2008,Debit
651,599,2018-12-05,1669,Bank Transfer
652,374,2016-04-04,1091,Bank Transfer
653,207,2021-06-16,793,Debit
654,314,2019-02-15,1865,Debit
655,815,2018-03-25,1047,Credit
656,376,2015-09-01,1154,Bank Transfer
657,814,2020-02-20,1178,Bank Transfer
658,709,2017-11-26,1874,Debit
659,631,2017-04-05,226,Debit
660,750,2022-01-22,911,Credit
661,367,2016-09-11,1318,Bank Transfer
662,285,2018-11-21,1002,Debit
663,680,2021-01-10,2024,Debit
664,517,2017-09-11,1996,Debit
665,427,2023-08-10,1335,Bank Transfer
666,51,2015-01-24,502,Bank Transfer
667,505,2016-02-14,1904,Credit
668,299,2021-06-06,747,Credit
669,789,2024-10-17,2338,Debit
670,295,2018-12-11,168,Credit
671,462,2022-11-25,442,Debit
672,791,2023-08-17,988,Bank Transfer
673,701,2018-02-21,2532,Bank Transfer
674,401,2018-05-10,2265,Bank Transfer
675,631,2019-09-19,2012,Debit
676,642,2022-07-05,1056,Debit
677,279,2019-01-23,1723,Bank Transfer
678,525,2023-04-11,519,Bank Transfer
679,374,2020-06-06,2888,Bank Transfer
680,91,2019-03-05,2095,Bank Transfer
681,369,2015-05-26,758,Credit
682,772,2018-12-14,2853,Credit
683,225,2018-08-28,242,Bank Transfer
684,256,2023-04-01,2621,Debit
685,457,2015-12-01,1801,Credit
686,747,2022-06-19,2410,Debit
687,310,2022-07-21,2003,Credit
688,954,2023-12-28,396,Bank Transfer
689,627,2017-07-21,759,Bank Transfer
690,888,2015-06-09,2499,Credit
691,601,2023-03-21,1339,Debit
692,324,2020-06-02,1564,Debit
693,245,2023-01-04,156,Credit
694,667,2018-01-12,1279,Credit
695,180,2018-03-16,759,Debit
696,678,2015-03-13,1692,Credit
697,179,2020-06-15,341,Debit
698,226,2023-12-08,2478,Debit
699,947,2016-05-07,1970,Debit
700,347,2018-06-02,235,Credit
701,530,2016-08-22,329,Debit
702,425,2021-06-12,2262,Debit
703,612,2016-03-13,392,Debit
704,58,2016-11-17,2565,Credit
705,250,2019-06-13,2545,Debit
706,178,2017-04-08,2388,Bank Transfer
707,553,2024-08-13,2023,Credit
708,590,2015-11-07,778,Bank Transfer
709,525,2023-07-20,2220,Bank Transfer
710,880,2024-06-28,1978,Debit
711,903,2016-02-03,1981,Bank Transfer
712,291,2022-06-19,2860,Debit
713,858,2016-01-23,2716,Debit
714,132,2021-06-02,1485,Credit
715,116,2017-10-12,2794,Credit
716,712,2017-08-01,1918,Credit
717,158,2016-07-04,1128,Debit
718,388,2021-04-05,1480,Credit
719,891,2022-03-14,2932,Bank Transfer
720,426,2019-02-16,334,Debit
721,382,2023-04-21,2012,Bank Transfer
722,423,2015-07-12,364,Credit
723,400,2024-06-10,1122,Bank Transfer
724,985,2016-05-24,1495,Bank Transfer
725,691,2018-07-14,1296,Debit
726,390,2016-02-15,1761,Bank Transfer
727,367,2020-01-24,2857,Credit
728,694,2019-09-10,657,Credit
729,157,2016-05-21,1597,Bank Transfer
730,899,2022-12-13,2698,Debit
731,536,2021-07-23,1658,Debit
732,534,2020-07-23,332,Debit
733,286,2021-03-27,2680,Debit
734,606,2022-02-22,2700,Bank Transfer
735,784,2015-09-27,778,Debit
736,4,2016-12-06,584,Bank Transfer
737,314,2018-11-13,119,Bank Transfer
738,812,2023-01-05,2396,Bank Transfer
739,410,2023-04-16,707,Credit
740,484,2015-02-11,259,Bank Transfer
741,58,2024-09-05,1958,Debit
742,721,2015-01-08,2194,Bank Transfer
743,188,2023-05-28,386,Credit
744,486,2015-05-22,731,Credit
745,509,2022-06-27,262,Debit
746,1,2020-12-21,961,Bank Transfer
747,574,2021-05-13,2677,Bank Transfer
748,251,2020-04-01,1615,Debit
749,7,2017-04-21,194,Credit
750,776,2017-02-08,1647,Bank Transfer
751,528,2016-11-05,2369,Credit
752,62,2023-01-01,786,Bank Transfer
753,721,2023-04-08,1234,Bank Transfer
754,371,2023-01-26,2269,Bank Transfer
755,564,2020-09-21,1230,Debit
756,308,2020-10-14,610,Debit
757,463,2017-03-23,232,Credit
758,336,2022-04-07,599,Bank Transfer
759,185,2015-02-19,2977,Bank Transfer
760,693,2020-02-03,2016,Credit
761,440,2016-09-05,832,Bank Transfer
762,988,2020-05-21,1244,Credit
763,319,2022-12-16,199,Credit
764,428,2021-08-19,1368,Bank Transfer
765,106,2019-03-01,2399,Bank Transfer
766,610,2017-12-23,2137,Debit
767,476,2017-12-20,1792,Debit
768,946,2024-12-21,1740,Debit
769,799,2020-05-27,1141,Bank Transfer
770,748,2019-02-12,1008,Debit
771,704,2022-03-05,1445,Credit
772,749,2022-04-12,231,Debit
773,639,2023-06-05,1889,Bank Transfer
774,516,2015-10-13,387,Debit
775,91,2017-09-09,2868,Credit
776,402,2017-07-19,488,Credit
777,638,2022-05-06,1457,Credit
778,17,2020-10-24,2496,Credit
779,392,2020-12-12,1154,Credit
780,91,2021-02-13,1738,Credit
781,649,2019-04-04,470,Credit
782,757,2016-10-04,181,Bank Transfer
783,717,2021-05-19,1383,Bank Transfer
784,444,2023-01-24,1092,Debit
785,64,2024-06-12,1848,Credit
786,790,2019-01-18,2071,Credit
787,39,2021-09-28,938,Credit
788,668,2021-09-17,2388,Bank Transfer
789,467,2024-12-04,2544,Debit
790,481,2019-06-15,533,Bank Transfer
791,957,2016-06-28,682,Debit
792,13,2015-07-25,2400,Debit
793,503,2024-10-03,2621,Credit
794,533,2017-12-15,1882,Bank Transfer
795,326,2016-05-24,137,Debit
796,715,2018-03-10,786,Debit
797,297,2015-01-08,1637,Debit
798,893,2016-02-04,1886,Credit
799,916,2019-09-05,266,Credit
800,315,2020-12-14,1063,Bank Transfer
801,781,2015-02-09,1126,Bank Transfer
802,176,2020-12-18,2769,Credit
803,740,2023-11-14,1086,Credit
804,230,2024-07-14,2537,Credit
805,164,2017-02-20,1529,Credit
806,961,2018-09-04,477,Bank Transfer
807,965,2018-10-04,823,Bank Transfer
808,979,2017-10-26,2043,Credit
809,432,2023-02-18,986,Bank Transfer
810,62,2023-05-01,2296,Credit
811,23,2020-07-19,2518,Bank Transfer
812,371,2018-07-22,766,Bank Transfer
813,778,2024-04-09,1036,Credit
814,311,2018-05-04,197,Bank Transfer
815,945,2020-03-04,1633,Bank Transfer
816,484,2017-05-02,120,Bank Transfer
817,818,2021-07-06,2656,Bank Transfer
818,301,2021-07-27,146,Credit
819,333,2022-02-28,1531,Credit
820,92,2024-06-08,1013,Credit
821,102,2016-01-20,2513,Bank Transfer
822,153,2023-08-09,446,Debit
823,112,2018-07-08,2452,Credit
824,488,2016-05-28,2012,Bank Transfer
825,954,2021-01-13,2952,Credit
826,537,2022-08-02,1131,Debit
827,389,2020-11-15,973,Debit
828,883,2019-08-17,2214,Credit
829,250,2018-07-17,464,Credit
830,681,2020-07-19,2437,Debit
831,579,2017-02-17,1864,Credit
832,748,2019-12-04,1627,Bank Transfer
833,694,2019-06-24,275,Credit
834,554,2021-03-22,162,Credit
835,195,2024-05-25,1828,Credit
836,309,2021-11-05,553,Credit
837,781,2017-07-26,841,Bank Transfer
838,219,2023-12-10,515,Bank Transfer
839,252,2019-11-17,253,Debit
840,359,2021-06-19,2998,Debit
841,390,2021-11-25,1864,Credit
842,601,2022-07-04,1349,Bank Transfer
843,794,2015-07-28,1924,Credit
844,778,2021-07-09,1723,Credit
845,829,2017-08-21,1112,Debit
846,451,2018-06-21,815,Debit
847,762,2018-12-23,488,Credit
848,441,2020-11-02,165,Bank Transfer
849,369,2023-11-22,2883,Debit
850,672,2022-11-24,2667,Bank Transfer
851,577,2017-01-27,165,Bank Transfer
852,788,2023-08-10,2795,Credit
853,414,2018-06-15,791,Debit
854,455,2017-09-24,1288,Bank Transfer
855,308,2015-03-09,735,Credit
856,281,2015-12-11,301,Bank Transfer
857,719,2015-07-24,2652,Credit
858,85,2016-06-24,1641,Bank Transfer
859,240,2017-07-06,863,Credit
860,290,2019-03-10,2887,Debit
861,605,2023-05-23,1507,Credit
862,534,2022-10-02,1638,Debit
863,194,2022-05-10,655,Debit
864,384,2019-03-20,1953,Credit
865,151,2020-05-10,928,Debit
866,677,2019-02-13,790,Credit
867,912,2023-05-20,1202,Debit
868,915,2023-03-02,2590,Credit
869,456,2024-09-13,1169,Credit
870,805,2016-07-04,815,Debit
871,234,2018-01-04,964,Bank Transfer
872,592,2019-03-08,2910,Debit
873,485,2021-01-15,1488,Debit
874,682,2022-03-02,194,Credit
875,448,2023-08-13,1090,Bank Transfer
876,588,2019-11-21,2801,Credit
877,928,2023-04-16,2383,Debit
878,106,2024-06-02,2106,Credit
879,272,2021-01-24,579,Credit
880,797,2023-05-02,230,Credit
881,590,2020-07-27,296,Credit
882,200,2018-05-09,2654,Credit
883,489,2017-03-19,531,Debit
884,230,2023-12-03,2961,Bank Transfer
885,166,2022-05-04,2544,Bank Transfer
886,85,2016-02-28,1513,Bank Transfer
887,962,2023-10-05,1147,Credit
888,870,2019-12-14,1516,Credit
889,681,2021-01-01,958,Debit
890,33,2023-09-01,1587,Bank Transfer
891,252,2023-12-06,501,Bank Transfer
892,821,2019-12-13,1859,Bank Transfer
893,13,2016-09-10,1278,Bank Transfer
894,457,2022-09-19,1323,Bank Transfer
895,635,2022-10-06,1811,Debit
896,507,2019-12-21,2572,Debit
897,48,2023-12-03,2238,Bank Transfer
898,852,2023-04-03,380,Credit
899,999,2017-11-09,2526,Bank Transfer
900,516,2016-03-06,1376,Bank Transfer
901,782,2020-03-17,1469,Credit
902,196,2018-06-22,223,Debit
903,396,2016-12-25,2741,Debit
904,307,2022-11-04,800,Bank Transfer
905,937,2022-11-12,1708,Bank Transfer
906,423,2022-08-24,1192,Credit
907,468,2022-05-13,641,Bank Transfer
908,392,2024-02-10,2030,Debit
909,950,2017-04-20,464,Debit
910,355,2024-10-04,2996,Debit
911,374,2019-12-28,2388,Credit
912,116,2015-07-19,1695,Credit
913,759,2023-02-27,1825,Debit
914,270,2020-03-19,1695,Credit
915,398,2015-07-18,2444,Bank Transfer
916,484,2018-03-28,876,Bank Transfer
917,546,2020-02-27,1029,Bank Transfer
918,626,2015-06-06,1649,Credit
919,619,2015-01-05,2502,Debit
920,211,2018-12-23,2969,Bank Transfer
921,468,2022-01-21,2607,Debit
922,651,2017-11-19,2336,Credit
923,373,2024-06-09,758,Bank Transfer
924,581,2017-10-08,436,Debit
925,883,2015-12-19,1553,Bank Transfer
926,937,2020-05-03,1275,Bank Transfer
927,182,2023-06-11,1874,Credit
928,256,2023-01-19,2595,Debit
929,405,2022-09-26,273,Bank Transfer
930,237,2024-09-13,2008,Credit
931,263,2024-01-23,1726,Credit
932,971,2017-01-12,174,Bank Transfer
933,356,2023-01-22,482,Credit
934,946,2022-02-28,993,Debit
935,25,2023-05-21,360,Bank Transfer
936,740,2019-09-10,2927,Credit
937,319,2019-03-04,1460,Bank Transfer
938,646,2018-05-08,645,Debit
939,708,2016-01-19,1932,Credit
940,127,2017-05-14,2408,Credit
941,235,2017-11-24,447,Bank Transfer
942,361,2018-12-27,227,Bank Transfer
943,67,2015-12-21,564,Credit
944,799,2016-12-12,2518,Credit
945,562,2023-06-10,1891,Bank Transfer
946,200,2023-09-16,2673,Bank Transfer
947,173,2017-05-20,1282,Debit
948,695,2022-12-19,568,Bank Transfer
949,438,2017-08-27,2171,Bank Transfer
950,697,2020-10-08,647,Credit
951,685,2016-02-06,1360,Credit
952,511,2016-04-10,1619,Credit
953,205,2019-02-09,2563,Bank Transfer
954,328,2015-06-06,2606,Bank Transfer
955,660,2017-07-15,1811,Credit
956,936,2024-07-13,700,Bank Transfer
957,639,2021-10-17,190,Credit
958,243,2016-08-16,1803,Bank Transfer
959,698,2022-12-05,2445,Bank Transfer
960,870,2016-03-09,2682,Bank Transfer
961,240,2019-01-27,476,Bank Transfer
962,837,2016-09-10,2324,Bank Transfer
963,172,2016-02-28,1043,Credit
964,807,2017-03-17,1243,Debit
965,982,2019-09-22,2454,Debit
966,533,2019-09-19,2026,Debit
967,777,2022-04-24,2254,Debit
968,882,2020-05-10,1450,Bank Transfer
969,933,2018-07-07,2588,Bank Transfer
970,783,2016-08-06,850,Credit
971,190,2020-04-12,2826,Bank Transfer
972,155,2022-09-21,627,Bank Transfer
973,489,2019-09-25,2512,Credit
974,627,2024-11-22,681,Bank Transfer
975,922,2016-09-21,1047,Debit
976,239,2023-03-23,239,Credit
977,620,2024-11-27,2658,Debit
978,925,2020-09-25,819,Credit
979,188,2021-07-01,2175,Bank Transfer
980,521,2021-10-17,1495,Credit
981,716,2020-06-06,246,Credit
982,218,2023-05-16,1245,Debit
983,161,2023-08-15,2782,Bank Transfer
984,890,2023-06-13,825,Debit
985,382,2017-05-21,2086,Bank Transfer
986,987,2015-03-19,791,Bank Transfer
987,686,2020-04-24,1771,Debit
988,622,2018-12-18,2317,Credit
989,810,2023-08-12,267,Debit
990,189,2019-11-22,669,Debit
991,990,2019-12-08,1105,Bank Transfer
992,471,2020-11-27,498,Bank Transfer
993,419,2021-11-16,1881,Credit
994,297,2019-06-25,295,Bank Transfer
995,334,2016-01-26,2837,Debit
996,381,2017-06-09,729,Credit
997,56,2021-09-28,2845,Bank Transfer
998,417,2015-06-15,2727,Credit
999,719,2023-06-19,1766,Credit
1000,430,2018-04-20,1408,Debit
1001,921,2018-06-02,2583,Bank Transfer
1002,301,2020-02-20,2896,Credit
1003,976,2023-06-03,1965,Credit
1004,34,2015-07-24,638,Credit
1005,346,2021-10-01,2807,Credit
1006,923,2017-05-02,428,Bank Transfer
1007,57,2020-12-09,1907,Debit
1008,660,2019-08-25,603,Credit
1009,844,2015-05-05,1247,Credit
1010,819,2023-04-20,1066,Bank Transfer
1011,930,2021-08-08,1964,Bank Transfer
1012,5,2024-02-10,1704,Debit
1013,679,2019-05-26,1175,Bank Transfer
1014,640,2022-10-09,2243,Credit
1015,446,2021-06-21,2096,Debit
1016,663,2018-07-02,365,Credit
1017,360,2019-07-15,1853,Debit
1018,349,2021-07-08,824,Credit
1019,706,2024-05-14,2342,Credit
1020,677,2024-07-13,521,Credit
1021,443,2020-02-05,1355,Credit
1022,695,2016-06-10,2539,Debit
1023,384,2022-07-05,457,Credit
1024,160,2017-04-18,2322,Debit
1025,181,2019-09-22,1809,Bank Transfer
1026,202,2023-05-02,1672,Debit
1027,595,2019-07-25,640,Bank Transfer
1028,395,2024-03-18,1286,Credit
1029,702,2018-03-13,1405,Debit
1030,43,2017-06-20,2979,Debit
1031,617,2024-04-05,2529,Debit
1032,198,2015-10-10,1434,Debit
1033,769,2020-01-14,1711,Credit
1034,120,2023-03-19,2234,Credit
1035,674,2024-05-25,2276,Credit
1036,124,2017-10-24,1784,Debit
1037,932,2024-03-09,1803,Credit
1038,747,2022-08-22,1449,Bank Transfer
1039,356,2019-03-02,2910,Credit
1040,606,2023-03-20,2648,Bank Transfer
1041,835,2024-10-16,1580,Debit
1042,306,2020-06-24,1179,Debit
1043,275,2015-03-15,2785,Credit
1044,915,2017-09-26,646,Debit
1045,648,2018-06-22,321,Credit
1046,609,2021-01-14,2716,Credit
1047,610,2023-11-24,2644,Debit
1048,550,2016-02-21,219,Debit
1049,843,2024-11-07,1410,Bank Transfer
1050,612,2019-07-19,2801,Debit
1051,52,2021-05-04,324,Debit
1052,711,2018-08-13,170,Debit
1053,643,2017-06-23,1984,Credit
1054,681,2016-01-09,2550,Debit
1055,391,2018-05-12,1067,Credit
1056,642,2020-10-22,2510,Bank Transfer
1057,230,2020-05-08,2362,Credit
1058,846,2016-09-15,2247,Credit
1059,264,2024-03-15,1519,Credit
1060,326,2016-01-12,860,Bank Transfer
1061,23,2016-05-21,517,Credit
1062,479,2024-06-10,1456,Credit
1063,19,2023-10-24,1535,Debit
1064,111,2017-04-12,2067,Bank Transfer
1065,348,2023-07-23,2111,Bank Transfer
1066,669,2021-10-18,1476,Debit
1067,249,2015-09-15,2838,Debit
1068,116,2021-09-09,119,Credit
1069,251,2023-12-20,1753,Credit
1070,196,2020-02-15,1851,Credit
1071,680,2022-12-22,1483,Debit
1072,48,2016-06-08,871,Debit
1073,261,2019-12-20,820,Credit
1074,188,2021-10-21,318,Bank Transfer
1075,822,2019-01-07,155,Bank Transfer
1076,290,2016-05-10,2792,Bank Transfer
1077,815,2021-10-04,1051,Credit
1078,47,2018-09-27,2912,Debit
1079,519,2015-01-11,2398,Bank Transfer
1080,820,2018-01-19,1460,Credit
1081,911,2015-07-28,1417,Bank Transfer
1082,52,2015-10-18,1856,Bank Transfer
1083,609,2024-01-12,868,Credit
1084,387,2023-01-24,2577,Credit
1085,858,2024-01-20,1559,Credit
1086,557,2015-12-19,2016,Credit
1087,357,2023-01-17,1280,Credit
1088,719,2015-03-14,1064,Bank Transfer
1089,332,2021-10-02,1339,Bank Transfer
1090,503,2018-04-04,507,Debit
1091,503,2024-07-10,1553,Credit
1092,128,2023-07-04,1223,Debit
1093,213,2023-07-22,2988,Bank Transfer
1094,146,2022-09-10,1555,Bank Transfer
1095,608,2015-09-21,1851,Debit
1096,376,2021-03-04,1342,Bank Transfer
1097,106,2015-03-27,2646,Bank Transfer
1098,576,2022-06-17,2903,Bank Transfer
1099,271,2022-02-11,359,Debit
1100,823,2017-11-07,2233,Debit
1101,672,2020-11-16,1508,Bank Transfer
1102,511,2017-12-20,787,Bank Transfer
1103,658,2021-06-28,2337,Bank Transfer
1104,59,2020-02-24,969,Debit
1105,696,2023-06-09,635,Credit
1106,331,2021-01-16,2339,Bank Transfer
1107,119,2021-06-08,1966,Debit
1108,420,2015-02-20,1265,Credit
1109,527,2019-02-14,2930,Debit
1110,857,2015-04-09,1312,Bank Transfer
1111,167,2020-12-09,1489,Credit
1112,745,2016-07-12,2148,Credit
1113,841,2018-12-09,2678,Credit
1114,390,2024-02-16,397,Debit
1115,956,2020-09-11,1812,Bank Transfer
1116,78,2015-10-15,1352,Bank Transfer
1117,692,2019-08-01,2295,Bank Transfer
1118,272,2023-03-16,1148,Credit
1119,192,2024-06-08,1941,Debit
1120,46,2015-05-14,2533,Bank Transfer
1121,766,2017-10-01,1995,Bank Transfer
1122,383,2016-12-24,1795,Credit
1123,3,2021-09-25,231,Debit
1124,677,2017-01-17,2811,Debit
1125,262,2024-10-01,1537,Credit
1126,869,2023-09-26,2459,Credit
1127,866,2024-02-27,2216,Bank Transfer
1128,649,2016-03-25,426,Credit
1129,433,2019-07-16,258,Bank Transfer
1130,906,2019-02-22,710,Credit
1131,735,2021-09-14,836,Credit
1132,732,2023-08-01,732,Credit
1133,2,2022-09-24,698,Bank Transfer
1134,953,2016-08-07,1255,Credit
1135,807,2021-11-25,710,Debit
1136,494,2024-01-26,1700,Credit
1137,473,2020-06-24,705,Debit
1138,921,2017-12-13,2793,Bank Transfer
1139,899,2021-05-04,336,Debit
1140,845,2017-09-08,974,Debit
1141,409,2015-05-02,658,Debit
1142,618,2021-09-01,2250,Debit
1143,717,2022-02-26,2613,Debit
1144,590,2015-02-01,1610,Credit
1145,902,2021-04-20,1002,Credit
1146,733,2019-03-11,1272,Debit
1147,728,2018-06-25,253,Bank Transfer
1148,858,2023-01-13,214,Bank Transfer
1149,683,2016-09-25,628,Credit
1150,703,2017-05-18,2188,Bank Transfer
1151,135,2018-07-23,2855,Bank Transfer
1152,410,2019-09-19,2782,Debit
1153,803,2024-06-18,1870,Debit
1154,120,2017-07-19,1816,Debit
1155,150,2020-12-07,140,Debit
1156,631,2018-08-22,717,Debit
1157,398,2017-12-07,2797,Credit
1158,152,2021-01-24,590,Debit
1159,690,2020-07-10,2531,Credit
1160,767,2015-03-25,953,Bank Transfer
1161,500,2024-12-03,2605,Debit
1162,639,2017-12-04,2836,Credit
1163,506,2023-12-12,2579,Credit
1164,700,2024-08-27,1033,Bank Transfer
1165,411,2022-03-03,1011,Bank Transfer
1166,584,2021-02-19,2302,Debit
1167,703,2024-09-01,1465,Bank Transfer
1168,841,2018-11-18,452,Debit
1169,375,2022-04-19,1603,Bank Transfer
1170,883,2015-02-17,2319,Debit
1171,493,2021-02-26,491,Credit
1172,70,2015-06-16,2816,Debit
1173,260,2015-06-08,1237,Debit
1174,626,2022-08-01,108,Bank Transfer
1175,934,2018-07-05,889,Credit
1176,855,2016-11-09,271,Bank Transfer
1177,757,2016-10-19,2115,Debit
1178,183,2021-12-01,390,Debit
1179,708,2019-04-20,459,Credit
1180,986,2017-08-16,213,Debit
1181,57,2017-02-02,2160,Debit
1182,409,2015-06-17,703,Debit
1183,170,2022-08-04,341,Debit
1184,438,2021-07-14,2337,Credit
1185,44,2016-02-20,2520,Bank Transfer
1186,889,2016-10-18,1766,Credit
1187,656,2024-06-02,2403,Credit
1188,102,2020-03-08,1849,Bank Transfer
1189,535,2022-12-18,567,Debit
1190,999,2018-02-09,178,Debit
1191,262,2020-12-09,2979,Bank Transfer
1192,549,2021-02-06,2023,Bank Transfer
1193,430,2023-11-20,324,Debit
1194,535,2016-04-24,2346,Credit
1195,819,2022-12-03,2207,Credit
1196,654,2022-02-25,944,Credit
1197,456,2023-12-21,2094,Bank Transfer
1198,189,2015-08-20,1900,Credit
1199,263,2024-12-11,1252,Bank Transfer
1200,991,2022-04-13,1729,Debit
1201,231,2018-05-17,1937,Debit
1202,106,2019-08-08,2010,Credit
1203,793,2023-01-13,936,Debit
1204,537,2017-02-11,600,Credit
1205,673,2016-08-10,2937,Debit
1206,900,2016-04-03,1348,Bank Transfer
1207,416,2023-01-27,2458,Credit
1208,208,2020-02-12,2979,Debit
1209,715,2022-08-12,264,Debit
1210,894,2022-02-09,951,Bank Transfer
1211,137,2017-08-25,1066,Credit
1212,18,2019-06-14,563,Credit
1213,423,2018-04-28,973,Credit
1214,176,2017-05-26,2472,Credit
1215,58,2023-05-28,362,Credit
1216,534,2017-12-01,2812,Credit
1217,250,2024-01-19,1815,Credit
1218,111,2016-11-16,2899,Credit
1219,802,2018-02-03,1762,Credit
1220,996,2015-09-10,2138,Credit
1221,691,2018-12-02,2532,Debit
1222,723,2023-10-13,143,Debit
1223,143,2018-12-24,1569,Bank Transfer
1224,258,2021-04-07,1185,Bank Transfer
1225,988,2018-08-08,1329,Credit
1226,763,2023-03-12,583,Credit
1227,220,2016-07-08,1876,Bank Transfer
1228,353,2016-10-01,613,Bank Transfer
1229,777,2020-02-26,1744,Debit
1230,51,2022-10-13,1822,Bank Transfer
1231,260,2018-05-09,2116,Bank Transfer
1232,403,2022-03-02,1226,Bank Transfer
1233,465,2023-08-20,1956,Bank Transfer
1234,198,2022-04-04,2748,Bank Transfer
1235,170,2015-11-04,418,Bank Transfer
1236,954,2021-01-28,939,Credit
1237,93,2021-01-10,2953,Debit
1238,163,2019-08-13,2019,Debit
1239,498,2022-03-02,192,Bank Transfer
1240,214,2020-09-07,968,Debit
1241,649,2022-02-13,1895,Debit
1242,337,2019-04-20,977,Bank Transfer
1243,28,2019-04-18,1420,Credit
1244,889,2015-08-28,1638,Credit
1245,216,2024-11-07,2995,Bank Transfer
1246,569,2020-03-05,2018,Credit
1247,817,2015-07-07,1818,Credit
1248,877,2018-07-19,654,Debit
1249,423,2021-04-16,2590,Debit
1250,929,2016-03-14,741,Credit
1251,182,2016-04-18,1164,Debit
1252,533,2015-04-10,2203,Debit
1253,444,2022-03-09,2631,Bank Transfer
1254,661,2021-05-07,2126,Debit
1255,948,2018-04-21,2233,Debit
1256,372,2021-09-09,109,Debit
1257,153,2023-06-22,347,Bank Transfer
1258,370,2020-09-21,632,Credit
1259,983,2015-08-02,1571,Bank Transfer
1260,673,2020-11-06,644,Bank Transfer
1261,310,2022-07-14,920,Credit
1262,476,2019-03-25,978,Credit
1263,711,2016-11-22,843,Bank Transfer
1264,759,2019-10-15,2897,Debit
1265,569,2024-06-28,1763,Bank Transfer
1266,655,2015-06-01,2538,Credit
1267,973,2015-01-14,496,Credit
1268,800,2024-01-11,1660,Credit
1269,822,2023-12-25,2910,Credit
1270,311,2024-08-01,760,Bank Transfer
1271,946,2016-04-13,688,Debit
1272,44,2017-08-05,651,Credit
1273,822,2016-09-09,820,Credit
1274,403,2019-05-15,590,Debit
1275,304,2015-02-13,1540,Bank Transfer
1276,471,2020-09-12,2914,Credit
1277,494,2024-04-17,1179,Credit
1278,861,2015-12-13,2803,Debit
1279,164,2017-07-15,575,Credit
1280,108,2015-06-01,1104,Credit
1281,326,2015-12-16,2074,Credit
1282,507,2016-08-25,1346,Credit
1283,860,2020-10-15,182,Bank Transfer
1284,715,2020-11-14,1324,Bank Transfer
1285,803,2022-10-17,1633,Bank Transfer
1286,464,2024-04-19,1167,Debit
1287,445,2024-10-05,2086,Debit
1288,585,2021-03-16,1159,Debit
1289,444,2024-03-13,510,Debit
1290,574,2021-12-23,2220,Credit
1291,841,2023-07-16,984,Debit
1292,132,2024-12-15,2766,Credit
1293,698,2021-02-03,1550,Debit
1294,323,2023-10-03,2897,Credit
1295,978,2021-07-22,920,Bank Transfer
1296,443,2018-01-11,973,Bank Transfer
1297,343,2018-05-17,1394,Bank Transfer
1298,767,2024-10-11,1995,Credit
1299,884,2022-09-03,2643,Bank Transfer
1300,636,2023-06-27,1022,Debit
1301,858,2020-04-04,300,Debit
1302,783,2017-11-01,2827,Credit
1303,23,2019-09-19,1047,Debit
1304,723,2017-09-14,555,Debit
1305,952,2024-04-12,1366,Debit
1306,532,2023-02-24,332,Bank Transfer
1307,353,2023-11-19,1859,Credit
1308,200,2020-11-25,146,Bank Transfer
1309,946,2018-05-25,2948,Bank Transfer
1310,842,2024-03-20,2281,Bank Transfer
1311,877,2020-09-20,1463,Debit
1312,291,2018-05-13,399,Credit
1313,762,2024-01-06,153,Bank Transfer
1314,811,2018-01-26,312,Credit
1315,612,2018-04-21,484,Credit
1316,67,2018-03-11,1462,Credit
1317,644,2023-12-23,869,Bank Transfer
1318,657,2015-07-04,1115,Debit
1319,612,2017-03-09,591,Bank Transfer
1320,106,2024-10-26,2745,Bank Transfer
1321,991,2015-06-13,657,Credit
1322,528,2017-11-15,546,Debit
1323,422,2022-04-02,1567,Debit
1324,737,2016-10-07,2528,Debit
1325,919,2022-10-04,2343,Bank Transfer
1326,615,2021-02-27,966,Debit
1327,671,2019-06-01,2751,Debit
1328,14,2022-11-10,678,Credit
1329,232,2017-06-02,2857,Bank Transfer
1330,969,2022-06-09,2846,Debit
1331,58,2015-10-19,790,Debit
1332,867,2016-07-12,1945,Credit
1333,165,2018-04-19,1794,Debit
1334,69,2021-03-11,2045,Debit
1335,780,2021-01-13,1733,Credit
1336,565,2024-12-17,969,Debit
1337,890,2020-09-23,658,Debit
1338,807,2023-08-05,2344,Debit
1339,661,2021-10-06,2249,Debit
1340,994,2022-02-16,2708,Debit
1341,284,2018-06-27,2580,Credit
1342,634,2022-05-03,2020,Debit
1343,177,2018-12-16,1169,Bank Transfer
1344,651,2020-09-20,652,Credit
1345,974,2017-07-17,2127,Bank Transfer
1346,722,2022-06-25,1649,Credit
1347,168,2015-06-15,411,Debit
1348,792,2019-03-18,612,Debit
1349,576,2024-09-22,1753,Debit
1350,406,2017-04-13,422,Debit
1351,651,2024-08-16,1666,Debit
1352,843,2019-07-02,2299,Bank Transfer
1353,194,2021-11-24,1245,Debit
1354,783,2016-05-07,1863,Bank Transfer
1355,127,2024-07-02,579,Debit
1356,667,2023-02-25,1320,Debit
1357,142,2021-10-12,1408,Debit
1358,782,2024-11-22,2014,Debit
1359,151,2020-01-21,911,Credit
1360,395,2015-04-14,2236,Credit
1361,519,2015-06-22,705,Credit
1362,74,2024-12-14,593,Bank Transfer
1363,856,2019-07-18,769,Debit
1364,523,2018-01-01,2441,Credit
1365,62,2023-04-18,1748,Debit
1366,973,2023-02-25,1142,Debit
1367,376,2022-10-23,1687,Debit
1368,804,2024-10-01,734,Bank Transfer
1369,675,2024-11-04,172,Bank Transfer
1370,675,2020-03-11,569,Debit
1371,800,2021-07-02,2938,Debit
1372,168,2017-06-19,2760,Debit
1373,694,2018-02-14,752,Bank Transfer
1374,946,2023-08-15,2132,Credit
1375,199,2017-10-18,525,Credit
1376,958,2023-08-19,338,Debit
1377,847,2024-07-26,367,Credit
1378,222,2019-11-03,1761,Bank Transfer
1379,893,2024-07-07,761,Bank Transfer
1380,503,2019-02-25,652,Credit
1381,197,2021-03-14,2000,Bank Transfer
1382,904,2021-01-03,861,Credit
1383,41,2020-08-20,781,Credit
1384,918,2019-10-07,1759,Credit
1385,195,2015-08-28,1841,Credit
1386,162,2022-12-26,284,Bank Transfer
1387,422,2021-08-08,644,Bank Transfer
1388,468,2023-05-05,2661,Credit
1389,441,2015-11-12,1228,Bank Transfer
1390,814,2021-11-05,2331,Bank Transfer
1391,556,2017-07-18,508,Debit
1392,432,2016-03-06,2845,Debit
1393,287,2019-09-25,2599,Debit
1394,794,2019-03-21,2129,Bank Transfer
1395,788,2019-01-26,2685,Credit
1396,875,2019-06-18,560,Debit
1397,643,2017-03-16,1349,Debit
1398,400,2017-02-11,495,Bank Transfer
1399,124,2019-11-23,2640,Debit
1400,152,2022-05-09,1664,Credit
1401,816,2018-11-03,1384,Bank Transfer
1402,94,2022-07-27,1551,Credit
1403,628,2017-12-11,829,Bank Transfer
1404,533,2015-08-08,1749,Bank Transfer
1405,908,2020-08-18,439,Bank Transfer
1406,93,2016-01-16,2963,Debit
1407,866,2015-12-06,2183,Credit
1408,617,2016-04-16,2601,Credit
1409,904,2023-01-02,2366,Credit
1410,373,2019-03-11,537,Credit
1411,961,2024-05-18,781,Credit
1412,604,2017-05-07,2248,Debit
1413,538,2022-01-08,636,Debit
1414,239,2024-08-24,1207,Bank Transfer
1415,784,2015-10-02,1101,Debit
1416,129,2019-10-28,1479,Credit
1417,933,2015-01-24,375,Credit
1418,338,2023-08-05,1812,Debit
1419,916,2024-02-16,1884,Credit
1420,512,2015-01-15,1401,Credit
1421,437,2019-02-02,2516,Debit
1422,494,2020-08-19,1594,Bank Transfer
1423,884,2023-06-13,2095,Debit
1424,126,2021-06-04,1665,Credit
1425,251,2015-12-21,1483,Credit
1426,470,2023-04-11,349,Credit
1427,444,2022-04-02,781,Credit
1428,831,2024-07-21,1372,Credit
1429,706,2019-03-17,2384,Bank Transfer
1430,815,2016-09-22,1876,Debit
1431,766,2019-07-06,1030,Bank Transfer
1432,568,2015-03-26,2538,Debit
1433,477,2023-04-10,777,Debit
1434,820,2015-03-10,2732,Bank Transfer
1435,717,2024-08-17,120,Bank Transfer
1436,620,2020-12-05,2765,Bank Transfer
1437,709,2023-01-19,2665,Credit
1438,119,2016-12-12,1904,Bank Transfer
1439,969,2020-06-03,500,Credit
1440,540,2016-08-18,2476,Bank Transfer
1441,646,2015-04-12,2042,Credit
1442,813,2024-08-16,2253,Debit
1443,855,2024-07-14,733,Credit
1444,972,2023-02-02,1793,Credit
1445,478,2024-05-26,748,Credit
1446,569,2020-04-25,2873,Bank Transfer
1447,31,2018-08-17,1976,Debit
1448,567,2021-11-19,1462,Bank Transfer
1449,248,2022-05-14,874,Credit
1450,739,2022-04-10,2581,Debit
1451,316,2023-07-22,1350,Debit
1452,766,2016-05-16,1335,Credit
1453,2,2024-07-06,2328,Bank Transfer
1454,450,2023-01-22,573,Bank Transfer
1455,429,2020-08-22,1901,Debit
1456,76,2021-12-26,2706,Credit
1457,251,2019-03-03,2469,Credit
1458,929,2024-06-06,1361,Bank Transfer
1459,917,2018-04-05,2086,Credit
1460,123,2015-09-13,785,Credit
1461,975,2015-09-27,230,Debit
1462,63,2024-03-10,2823,Bank Transfer
1463,757,2022-04-09,1079,Debit
1464,467,2018-06-01,1497,Bank Transfer
1465,733,2015-12-11,1796,Credit
1466,718,2021-05-22,2931,Debit
1467,845,2023-09-28,435,Debit
1468,364,2016-10-17,2763,Debit
1469,490,2022-12-22,696,Credit
1470,3,2019-11-17,579,Debit
1471,437,2020-02-11,1438,Bank Transfer
1472,952,2024-04-26,1394,Debit
1473,140,2015-05-17,2423,Bank Transfer
1474,595,2018-02-14,2111,Bank Transfer
1475,981,2022-12-02,2701,Credit
1476,994,2019-02-01,351,Bank Transfer
1477,537,2015-02-03,1660,Bank Transfer
1478,812,2024-08-05,1287,Credit
1479,269,2024-10-01,2773,Bank Transfer
1480,54,2016-11-12,260,Bank Transfer
1481,626,2015-11-26,1168,Debit
1482,912,2023-07-26,2865,Bank Transfer
1483,748,2017-01-03,1792,Credit
1484,721,2021-11-07,806,Bank Transfer
1485,555,2015-12-14,327,Credit
1486,200,2019-05-08,532,Credit
1487,611,2019-09-04,2894,Bank Transfer
1488,965,2020-05-25,2659,Credit
1489,14,2016-07-04,214,Debit
1490,719,2020-01-17,1441,Credit
1491,373,2020-01-21,490,Debit
1492,340,2022-01-20,2158,Credit
1493,730,2024-03-27,2654,Debit
1494,242,2015-02-14,1831,Credit
1495,933,2019-07-11,1689,Credit
1496,750,2024-08-25,1170,Bank Transfer
1497,488,2021-11-08,556,Debit
1498,46,2018-12-12,765,Bank Transfer
1499,325,2016-12-04,2660,Credit
1500,29,2017-05-24,555,Debit
1501,955,2015-08-14,1897,Credit
1502,749,2018-09-16,2803,Credit
1503,561,2015-11-27,1649,Credit
1504,696,2016-05-02,367,Credit
1505,630,2024-04-09,397,Credit
1506,548,2024-11-09,2366,Credit
1507,12,2024-04-07,1344,Debit
1508,298,2018-03-22,2672,Debit
1509,859,2023-10-03,987,Bank Transfer
1510,937,2020-05-13,955,Debit
1511,52,2016-06-23,2359,Credit
1512,74,2017-06-10,2644,Bank Transfer
1513,169,2017-03-02,1604,Bank Transfer
1514,274,2015-10-15,1082,Credit
1515,292,2016-03-03,893,Bank Transfer
1516,324,2022-09-15,2771,Debit
1517,190,2018-12-11,1353,Debit
1518,882,2016-07-07,1782,Credit
1519,917,2021-04-19,789,Bank Transfer
1520,675,2018-03-06,689,Credit
1521,232,2016-08-04,2583,Credit
1522,75,2024-12-06,2345,Debit
1523,288,2020-02-10,2293,Debit
1524,5,2023-03-23,1984,Bank Transfer
1525,573,2015-11-27,2849,Debit
1526,367,2016-01-28,1528,Debit
1527,865,2024-11-12,2578,Credit
1528,214,2021-03-11,311,Debit
1529,186,2020-05-08,2462,Debit
1530,180,2016-06-16,1487,Bank Transfer
1531,561,2018-04-10,2573,Bank Transfer
1532,989,2020-09-01,674,Debit
1533,361,2016-02-04,1670,Bank Transfer
1534,783,2019-06-16,1357,Bank Transfer
1535,16,2015-01-23,1468,Credit
1536,480,2020-02-09,2134,Debit
1537,725,2023-10-15,2228,Debit
1538,954,2016-04-21,2153,Credit
1539,235,2021-01-15,2906,Debit
1540,950,2016-11-13,1182,Credit
1541,643,2023-01-21,2874,Bank Transfer
1542,862,2023-04-17,760,Bank Transfer
1543,35,2017-07-22,279,Credit
1544,793,2016-09-12,687,Debit
1545,801,2015-06-09,630,Credit
1546,263,2018-03-12,2007,Credit
1547,671,2023-09-13,1473,Bank Transfer
1548,181,2020-07-17,2399,Debit
1549,62,2016-02-06,1118,Credit
1550,376,2019-02-13,1043,Debit
1551,44,2021-04-21,1632,Credit
1552,201,2019-02-20,996,Credit
1553,675,2019-05-03,847,Credit
1554,227,2019-09-05,1424,Debit
1555,767,2015-09-19,1485,Credit
1556,379,2016-08-19,2371,Credit
1557,174,2024-05-23,660,Credit
1558,1,2024-05-20,1984,Bank Transfer
1559,90,2017-06-08,2252,Credit
1560,315,2022-11-02,2644,Debit
1561,945,2023-10-15,2730,Debit
1562,994,2023-06-02,1261,Bank Transfer
1563,746,2015-04-11,1905,Debit
1564,246,2016-12-21,514,Credit
1565,2,2017-05-12,1414,Bank Transfer
1566,445,2020-05-07,1395,Bank Transfer
1567,789,2015-11-22,975,Debit
1568,527,2019-01-28,1030,Credit
1569,513,2022-01-04,853,Debit
1570,666,2023-06-01,1350,Bank Transfer
1571,203,2022-12-24,2595,Credit
1572,207,2019-02-15,413,Credit
1573,876,2020-07-12,432,Bank Transfer
1574,465,2015-04-18,938,Credit
1575,142,2017-11-08,2782,Credit
1576,598,2023-06-02,1349,Credit
1577,702,2016-03-10,2040,Debit
1578,682,2017-06-10,2350,Debit
1579,587,2019-06-05,2625,Debit
1580,835,2015-12-11,923,Debit
1581,446,2020-05-26,1204,Debit
1582,199,2020-07-08,340,Credit
1583,187,2017-11-01,2097,Credit
1584,589,2021-11-16,874,Credit
1585,720,2017-01-25,2420,Debit
1586,899,2019-09-15,1772,Bank Transfer
1587,85,2018-09-23,2351,Credit
1588,442,2023-08-19,2475,Credit
1589,866,2015-10-28,1709,Credit
1590,297,2018-03-18,2807,Credit
1591,288,2024-08-20,2847,Credit
1592,531,2018-11-17,2275,Bank Transfer
1593,580,2019-07-08,362,Bank Transfer
1594,399,2019-10-01,2822,Debit
1595,341,2016-11-19,1642,Debit
1596,185,2021-07-25,257,Bank Transfer
1597,38,2020-01-13,388,Credit
1598,592,2018-12-19,2322,Credit
1599,157,2022-12-21,2541,Bank Transfer
1600,558,2022-05-27,732,Bank Transfer
1601,930,2018-11-27,911,Debit
1602,207,2022-10-07,2189,Bank Transfer
1603,173,2023-10-28,1301,Bank Transfer
1604,484,2018-01-07,2459,Credit
1605,562,2018-05-01,1881,Bank Transfer
1606,646,2024-10-07,100,Debit
1607,1000,2015-11-04,521,Bank Transfer
1608,310,2018-12-11,421,Debit
1609,338,2017-03-22,437,Bank Transfer
1610,681,2019-12-22,876,Credit
1611,650,2018-07-18,746,Credit
1612,950,2021-03-22,2341,Bank Transfer
1613,663,2021-11-03,1858,Credit
1614,202,2024-06-24,231,Credit
1615,254,2021-05-06,335,Credit
1616,734,2018-09-18,1230,Bank Transfer
1617,505,2018-05-22,2408,Bank Transfer
1618,699,2016-02-16,1417,Debit
1619,336,2015-07-14,415,Bank Transfer
1620,316,2022-02-27,772,Credit
1621,946,2020-05-04,2428,Debit
1622,719,2016-10-25,1118,Credit
1623,70,2022-01-21,1919,Bank Transfer
1624,710,2022-06-26,616,Debit
1625,116,2016-01-27,1963,Debit
1626,421,2017-04-18,833,Bank Transfer
1627,211,2023-12-26,1044,Debit
1628,987,2023-12-08,1311,Debit
1629,71,2020-09-20,2521,Debit
1630,160,2016-02-13,2978,Credit
1631,753,2021-12-01,416,Bank Transfer
1632,789,2017-11-09,649,Credit
1633,727,2024-05-13,2612,Debit
1634,130,2023-06-22,1294,Bank Transfer
1635,152,2020-10-18,687,Debit
1636,141,2015-05-28,611,Debit
1637,687,2020-11-08,2199,Debit
1638,136,2022-09-12,2289,Debit
1639,695,2015-12-28,2877,Credit
1640,98,2016-05-09,412,Credit
1641,567,2015-05-25,2436,Debit
1642,993,2015-02-19,2657,Credit
1643,514,2015-07-21,2125,Credit
1644,553,2022-11-08,952,Credit
1645,519,2024-09-11,2171,Debit
1646,732,2023-10-07,2448,Debit
1647,305,2018-03-23,1526,Bank Transfer
1648,716,2020-07-19,2939,Bank Transfer
1649,664,2021-02-04,2712,Debit
1650,394,2015-08-26,2290,Credit
1651,825,2017-01-16,993,Debit
1652,728,2023-06-26,2072,Bank Transfer
1653,703,2016-10-07,2705,Credit
1654,398,2022-06-27,2973,Bank Transfer
1655,734,2023-03-14,1310,Debit
1656,944,2015-07-02,1761,Debit
1657,664,2019-10-24,2971,Credit
1658,782,2015-03-12,1905,Debit
1659,930,2017-03-16,893,Debit
1660,155,2021-04-15,1446,Bank Transfer
1661,855,2021-10-19,1672,Bank Transfer
1662,153,2017-11-21,523,Debit
1663,157,2019-03-25,2332,Bank Transfer
1664,375,2024-12-23,2448,Debit
1665,460,2019-10-06,1845,Credit
1666,340,2015-07-18,1967,Debit
1667,19,2018-10-03,1701,Debit
1668,307,2024-04-11,2395,Credit
1669,950,2023-10-24,681,Debit
1670,695,2022-10-23,229,Credit
1671,135,2022-12-23,119,Debit
1672,835,2020-09-28,2909,Debit
1673,581,2015-12-08,1253,Bank Transfer
1674,797,2024-08-27,107,Debit
1675,480,2023-01-17,306,Bank Transfer
1676,445,2019-11-04,2516,Credit
1677,852,2018-12-22,1430,Debit
1678,90,2019-05-07,2078,Bank Transfer
1679,463,2019-12-26,2725,Debit
1680,593,2020-01-14,779,Debit
1681,794,2015-06-05,2344,Bank Transfer
1682,932,2016-10-16,1245,Debit
1683,552,2016-10-05,316,Bank Transfer
1684,456,2016-10-02,1363,Bank Transfer
1685,828,2020-07-20,441,Bank Transfer
1686,331,2016-11-20,1217,Debit
1687,523,2022-03-11,1885,Debit
1688,486,2015-12-03,352,Bank Transfer
1689,967,2015-08-10,101,Bank Transfer
1690,832,2020-04-26,1677,Debit
1691,272,2020-01-16,130,Debit
1692,406,2023-06-19,1752,Debit
1693,849,2020-04-19,1798,Credit
1694,313,2024-07-13,435,Bank Transfer
1695,445,2017-01-26,1927,Bank Transfer
1696,718,2023-04-11,577,Bank Transfer
1697,533,2024-11-03,2153,Bank Transfer
1698,283,2019-09-10,988,Credit
1699,878,2016-03-03,2036,Debit
1700,320,2017-08-07,1023,Debit
1701,412,2022-08-03,212,Bank Transfer
1702,783,2018-08-06,426,Debit
1703,298,2021-06-05,2799,Bank Transfer
1704,7,2024-01-07,2813,Bank Transfer
1705,480,2021-12-02,2326,Credit
1706,879,2016-05-22,1234,Bank Transfer
1707,46,2022-05-16,1917,Debit
1708,170,2018-06-04,2342,Debit
1709,162,2016-11-23,875,Debit
1710,979,2018-11-17,1354,Bank Transfer
1711,765,2024-12-16,1432,Debit
1712,920,2021-03-02,434,Bank Transfer
1713,917,2019-10-17,1735,Credit
1714,31,2015-12-25,2964,Bank Transfer
1715,767,2024-03-01,2068,Bank Transfer
1716,217,2024-05-17,1259,Credit
1717,579,2017-05-27,1310,Bank Transfer
1718,694,2019-11-08,665,Bank Transfer
1719,480,2017-12-25,1475,Credit
1720,275,2015-08-25,2798,Bank Transfer
1721,250,2018-02-06,2676,Bank Transfer
1722,929,2018-01-01,1080,Bank Transfer
1723,873,2024-09-28,520,Credit
1724,589,2020-12-24,750,Bank Transfer
1725,949,2018-06-05,871,Credit
1726,208,2017-09-22,1548,Debit
1727,53,2018-09-12,2576,Debit
1728,951,2023-06-18,286,Credit
1729,32,2017-12-15,140,Debit
1730,541,2021-11-15,2171,Bank Transfer
1731,519,2018-11-09,295,Credit
1732,456,2019-03-05,2160,Credit
1733,877,2024-06-26,927,Debit
1734,602,2018-05-23,1331,Debit
1735,964,2015-03-02,549,Debit
1736,886,2017-05-12,1348,Credit
1737,619,2021-06-08,2548,Bank Transfer
1738,114,2020-10-09,2442,Debit
1739,999,2017-07-16,860,Bank Transfer
1740,491,2022-04-23,1848,Debit
1741,338,2021-09-12,2708,Credit
1742,777,2020-05-04,989,Credit
1743,703,2016-05-22,1162,Bank Transfer
1744,150,2018-11-04,1653,Credit
1745,128,2015-04-04,2786,Bank Transfer
1746,722,2019-09-17,1232,Debit
1747,680,2017-12-15,675,Bank Transfer
1748,729,2023-03-11,1505,Credit
1749,671,2022-04-08,1097,Debit
1750,169,2015-04-28,1871,Bank Transfer
1751,458,2024-05-20,2048,Debit
1752,547,2019-12-28,1628,Credit
1753,300,2020-02-17,782,Credit
1754,825,2018-11-24,2123,Debit
1755,661,2015-04-09,762,Credit
1756,145,2018-07-17,107,Bank Transfer
1757,92,2023-03-28,492,Debit
1758,573,2017-12-09,1808,Credit
1759,216,2020-11-14,2725,Credit
1760,409,2016-10-04,2539,Bank Transfer
1761,190,2023-01-25,1006,Debit
1762,208,2015-02-10,2731,Bank Transfer
1763,325,2019-06-25,2280,Debit
1764,476,2015-04-16,104,Debit
1765,330,2020-05-22,1684,Bank Transfer
1766,218,2015-12-24,2773,Credit
1767,896,2021-10-17,1811,Credit
1768,730,2018-04-23,1183,Bank Transfer
1769,356,2016-02-22,2659,Bank Transfer
1770,314,2021-12-04,246,Credit
1771,28,2020-03-06,1051,Bank Transfer
1772,466,2018-10-18,2750,Debit
1773,384,2023-01-28,366,Bank Transfer
1774,596,2024-06-25,2082,Bank Transfer
1775,262,2022-06-06,1045,Bank Transfer
1776,723,2016-08-18,2051,Credit
1777,457,2021-12-11,374,Debit
1778,598,2022-07-06,622,Bank Transfer
1779,938,2022-05-26,1777,Bank Transfer
1780,832,2021-11-25,1489,Bank Transfer
1781,377,2022-09-22,1278,Credit
1782,264,2015-01-15,2097,Debit
1783,670,2021-12-17,2683,Credit
1784,151,2020-03-09,647,Bank Transfer
1785,58,2022-11-08,2518,Credit
1786,100,2015-12-07,794,Debit
1787,27,2019-02-17,198,Bank Transfer
1788,807,2018-03-17,2187,Bank Transfer
1789,897,2015-05-22,1135,Credit
1790,974,2018-12-02,1231,Debit
1791,944,2018-06-12,1620,Debit
1792,264,2023-08-11,299,Credit
1793,322,2023-08-15,2371,Credit
1794,484,2023-07-26,1862,Credit
1795,114,2020-01-08,1818,Credit
1796,591,2017-06-17,1712,Bank Transfer
1797,63,2020-02-19,2903,Credit
1798,106,2017-07-12,2626,Debit
1799,229,2019-03-28,365,Credit
1800,586,2015-10-17,645,Credit
1801,388,2016-10-20,2711,Credit
1802,977,2016-12-12,1956,Debit
1803,123,2024-06-21,862,Credit
1804,611,2015-03-18,1928,Credit
1805,707,2024-07-11,141,Debit
1806,386,2019-04-06,2649,Bank Transfer
1807,216,2015-10-21,634,Credit
1808,902,2024-04-27,2255,Credit
1809,376,2021-05-09,2657,Debit
1810,548,2016-11-19,2146,Bank Transfer
1811,604,2018-08-13,2171,Debit
1812,860,2024-03-19,293,Credit
1813,406,2017-10-04,2672,Bank Transfer
1814,951,2023-11-10,1261,Debit
1815,788,2015-07-07,2498,Credit
1816,416,2020-02-22,419,Credit
1817,425,2019-04-13,1466,Bank Transfer
1818,283,2020-10-24,662,Bank Transfer
1819,726,2022-10-19,723,Debit
1820,546,2016-09-14,1486,Bank Transfer
1821,465,2016-03-05,1279,Debit
1822,671,2017-03-22,2091,Bank Transfer
1823,734,2018-07-11,2182,Bank Transfer
1824,781,2022-03-16,1240,Debit
1825,907,2020-11-11,535,Bank Transfer
1826,362,2024-07-10,637,Credit
1827,195,2017-08-27,2650,Debit
1828,449,2015-07-22,190,Credit
1829,330,2016-01-07,1762,Credit
1830,631,2023-10-16,910,Debit
1831,147,2019-12-18,2059,Credit
1832,616,2021-07-08,2449,Bank Transfer
1833,587,2022-06-08,1533,Credit
1834,416,2022-01-09,1922,Credit
1835,337,2015-06-15,2121,Credit
1836,786,2015-11-06,103,Bank Transfer
1837,294,2021-03-23,583,Credit
1838,863,2020-11-20,2270,Bank Transfer
1839,677,2020-01-23,819,Credit
1840,513,2018-07-02,306,Bank Transfer
1841,985,2019-08-06,220,Credit
1842,994,2021-01-08,2199,Debit
1843,61,2017-09-17,2555,Bank Transfer
1844,399,2018-01-13,2175,Credit
1845,391,2016-05-26,2429,Debit
1846,37,2022-10-07,848,Credit
1847,362,2020-04-09,435,Credit
1848,910,2015-10-01,961,Credit
1849,542,2024-02-12,634,Credit
1850,37,2017-02-08,2641,Credit
1851,926,2018-04-23,736,Bank Transfer
1852,155,2020-07-11,1133,Bank Transfer
1853,688,2021-01-14,1044,Debit
1854,281,2018-03-20,1486,Bank Transfer
1855,658,2024-10-12,1766,Bank Transfer
1856,63,2021-02-25,2827,Debit
1857,100,2017-11-10,1429,Bank Transfer
1858,796,2022-07-26,2095,Debit
1859,270,2019-01-03,2358,Bank Transfer
1860,505,2016-11-02,1596,Debit
1861,755,2016-04-22,751,Bank Transfer
1862,387,2022-09-05,1892,Credit
1863,492,2021-01-10,2689,Bank Transfer
1864,190,2015-07-26,1654,Debit
1865,761,2020-08-14,518,Debit
1866,331,2024-07-23,1863,Credit
1867,283,2019-08-16,1495,Debit
1868,978,2016-12-22,2785,Bank Transfer
1869,721,2019-10-02,210,Credit
1870,653,2015-12-21,1174,Credit
1871,685,2022-11-13,2215,Debit
1872,860,2017-05-20,1382,Bank Transfer
1873,702,2020-04-17,1722,Debit
1874,467,2023-06-07,2655,Bank Transfer
1875,629,2021-09-01,799,Debit
1876,526,2019-03-15,2478,Bank Transfer
1877,939,2021-07-21,2327,Debit
1878,27,2017-08-20,714,Credit
1879,759,2020-04-20,924,Credit
1880,647,2022-12-07,1408,Debit
1881,292,2015-02-01,1417,Credit
1882,249,2022-03-04,263,Credit
1883,778,2018-11-20,472,Debit
1884,280,2024-11-25,1585,Debit
1885,568,2024-05-23,2405,Credit
1886,593,2023-10-27,428,Credit
1887,671,2017-05-03,181,Debit
1888,260,2017-02-06,795,Debit
1889,109,2017-11-21,1049,Credit
1890,232,2015-02-13,620,Credit
1891,628,2021-02-09,2775,Debit
1892,535,2016-04-15,233,Bank Transfer
1893,825,2017-12-18,794,Credit
1894,532,2016-08-02,1258,Bank Transfer
1895,449,2022-05-21,241,Credit
1896,700,2018-05-06,1519,Bank Transfer
1897,788,2021-11-10,504,Bank Transfer
1898,306,2016-11-03,2411,Debit
1899,366,2020-08-05,1672,Credit
1900,765,2019-05-26,653,Debit
1901,357,2020-09-04,2455,Bank Transfer
1902,151,2023-12-26,1148,Bank Transfer
1903,771,2023-11-25,2796,Credit
1904,650,2023-05-18,2327,Credit
1905,323,2017-03-20,2060,Bank Transfer
1906,303,2021-03-21,647,Credit
1907,67,2024-03-17,691,Bank Transfer
1908,530,2019-10-07,725,Credit
1909,433,2021-12-15,1661,Debit
1910,127,2020-02-01,2427,Bank Transfer
1911,172,2020-08-03,2853,Credit
1912,917,2016-09-28,2129,Debit
1913,867,2015-12-18,2375,Debit
1914,938,2019-10-08,2354,Credit
1915,487,2016-12-26,2175,Bank Transfer
1916,432,2017-05-02,2797,Bank Transfer
1917,220,2018-07-10,1457,Debit
1918,300,2019-06-17,931,Bank Transfer
1919,226,2016-08-16,1193,Bank Transfer
1920,880,2019-01-20,309,Debit
1921,975,2022-02-22,407,Debit
1922,80,2022-12-07,1860,Credit
1923,641,2019-08-18,2873,Credit
1924,975,2022-03-14,2850,Debit
1925,534,2020-04-17,1695,Debit
1926,868,2017-06-10,959,Bank Transfer
1927,822,2018-03-26,2106,Bank Transfer
1928,3,2023-08-04,471,Debit
1929,409,2024-10-07,2621,Debit
1930,719,2015-12-20,2288,Credit
1931,603,2020-02-14,138,Bank Transfer
1932,900,2023-12-14,2410,Debit
1933,613,2022-01-07,2924,Bank Transfer
1934,977,2022-09-07,2570,Credit
1935,585,2016-01-03,1790,Debit
1936,518,2022-04-13,2935,Debit
1937,830,2021-05-02,1366,Bank Transfer
1938,205,2022-04-16,1014,Debit
1939,828,2016-08-16,252,Bank Transfer
1940,730,2015-03-25,380,Debit
1941,96,2023-09-17,864,Bank Transfer
1942,515,2024-12-27,2934,Bank Transfer
1943,947,2017-04-10,2687,Bank Transfer
1944,557,2016-02-13,2555,Bank Transfer
1945,225,2022-06-01,2945,Bank Transfer
1946,404,2019-02-10,1102,Bank Transfer
1947,587,2016-07-05,2651,Debit
1948,919,2021-02-19,2650,Bank Transfer
1949,284,2022-08-11,356,Debit
1950,572,2016-07-08,662,Bank Transfer
1951,660,2022-10-07,1764,Bank Transfer
1952,421,2017-01-26,245,Bank Transfer
1953,63,2017-06-22,2151,Bank Transfer
1954,786,2024-04-03,1348,Bank Transfer
1955,888,2018-07-16,1794,Credit
1956,929,2018-07-10,1661,Bank Transfer
1957,42,2023-02-12,2470,Bank Transfer
1958,841,2018-08-03,281,Debit
1959,222,2017-05-24,378,Credit
1960,783,2019-09-19,576,Bank Transfer
1961,832,2015-01-10,2272,Bank Transfer
1962,38,2022-12-12,1806,Bank Transfer
1963,648,2015-03-06,1005,Bank Transfer
1964,107,2024-12-24,2940,Credit
1965,151,2021-05-17,1187,Credit
1966,319,2018-11-03,532,Debit
1967,529,2016-04-19,1370,Credit
1968,335,2021-05-14,2659,Bank Transfer
1969,602,2023-10-24,1377,Bank Transfer
1970,729,2023-02-11,1870,Credit
1971,851,2019-04-10,2993,Credit
1972,264,2016-04-08,1779,Credit
1973,810,2022-05-10,2829,Credit
1974,846,2021-01-07,1752,Debit
1975,909,2015-10-21,2529,Debit
1976,889,2020-07-25,722,Debit
1977,34,2017-09-15,1573,Debit
1978,10,2021-12-26,2374,Bank Transfer
1979,402,2022-03-14,577,Credit
1980,748,2019-10-15,608,Debit
1981,193,2021-11-18,1844,Debit
1982,319,2023-08-27,501,Debit
1983,95,2018-11-19,939,Bank Transfer
1984,579,2024-03-05,1687,Credit
1985,473,2016-04-01,1930,Credit
1986,860,2024-10-22,2733,Bank Transfer
1987,500,2017-11-20,1654,Bank Transfer
1988,408,2021-10-09,121,Bank Transfer
1989,890,2023-09-08,1336,Debit
1990,22,2018-11-15,2854,Debit
1991,813,2022-10-28,846,Debit
1992,946,2016-09-23,2881,Credit
1993,31,2021-08-21,289,Debit
1994,772,2024-05-16,2365,Debit
1995,857,2020-05-03,2023,Debit
1996,306,2022-01-03,239,Bank Transfer
1997,167,2016-08-22,421,Credit
1998,135,2018-01-19,1425,Debit
1999,14,2023-03-23,2429,Debit
2000,20,2016-04-16,1190,Debit
